;01-04-2002;2;2;MINERALES COBRE VARIOS CLIENTE;64607;23668;25273;221
;01-04-2002;2;3;CONCENTRADO COBRE V.CLIENTES;3192335;834129;535766;11148
;01-04-2002;2;4;PRECIPITADO COBRE VARIOS CLIEN;410732;307062;0;0
;01-04-2002;2;5;CONCENTRADO PLATA VARIOS CLIEN;0;0;0;0
;01-04-2002;2;6;PRODUCCION DE ACIDO SULFURICO;31681800;0;0;0
;01-04-2002;2;7;EMBARQUE ACIDO SULFURICO;18125280;0;0;0
;01-04-2002;2;8;EMBARQUE ACIDO K-4;0;0;0;0
;01-04-2002;2;9;FUNDENTES CALCAREOS;175839;0;0;0
;01-04-2002;2;10;PRESTAMO DISPUTADA/OXIQUIM;0;0;0;0
;01-04-2002;2;11;MINERALES ORO VARIOS CLIENTES;51281;301;6741;3125
;01-04-2002;2;12;MINERALES PLATA VARIOS CLIENTE;0;0;0;0
;01-04-2002;2;13;DEVOLUCION DISPUTADA/OXIQUIM;0;0;0;0
;01-04-2002;2;14;CONCENTRADO COBRE ANDINA MAQUI;11060254;3225771;815916;6002
;01-04-2002;2;15;FUNDENTES SILICEOS;2172934;0;0;0
;01-04-2002;2;16;CONCENTRADO COBRE CENIZAS;3421289;900929;359777;14393
;01-04-2002;2;19;CONC. COBRE CENIZAS A FUND.;5120149;1392121;377301;17228
;01-04-2002;2;22;POLVO ELECT. P. ACIDO;255566;30862;40157;299
;01-04-2002;2;23;RESIDUO MOLDEO ANODOS RAF;0;0;0;0
;01-04-2002;2;24;CARGA NUEVA UTIL A FUNDICION;36553071;10719316;2781261;92499
;01-04-2002;2;25;FUNDENTE CALCAREO A FUND.;0;0;0;0
;01-04-2002;2;26;POLVO CALDERA A FUNDICION;0;0;0;0
;01-04-2002;2;27;POLVO CONVERTIDOR A FUNDICION;109220;41005;10693;45
;01-04-2002;2;28;CIRCULANTES FUNDICION A FUND.;10578350;5337382;1222172;45919
;01-04-2002;2;30;CIRCULANTE FUSION;0;0;0;0
;01-04-2002;2;32;CIRCULANTE FUSION A FUNDICION;0;0;0;0
;01-04-2002;2;36;CONCENTRADO ORO A EMBARQUE;0;0;0;0
;01-04-2002;2;37;CONC. COBRE PELAMBRE A FUND.;1404195;595735;93114;2824
;01-04-2002;2;40;BLISTER TOTAL;11644768;11397418;3005694;104938
;01-04-2002;2;41;REFRACTARIOS Y REACTIVOS;0;0;0;0
;01-04-2002;2;44;CONCENTRADO COBRE PELAMBRE;0;0;0;0
;01-04-2002;2;45;AJUSTE POR DIFERENCIA DE LEYES;0;0;0;0
;01-04-2002;2;46;CATODOS DESC. NORMAL A EMB.;140255;140241;1091;10
;01-04-2002;2;49;AJUSTE COBRE BAJO PISO;0;0;0;0
;01-04-2002;2;50;COBRE BAJO PISO;0;0;0;0
;01-04-2002;2;51;POLVOS CALDERA;0;0;0;0
;01-04-2002;2;54;ESCORIA FUNDICION A BOTADERO;20440107;181319;136700;0
;01-04-2002;2;65;FUNDENTE SILICEO A FUND.;2891663;0;0;0
;01-04-2002;2;68;MINERALES PLATA V.C. A FUND.;0;0;0;0
;01-04-2002;2;71;BLISTER REFIMET A RAF;0;0;0;0
;01-04-2002;2;72;GRANZAS A FUNDICION;26971;9153;3191;127
;01-04-2002;2;73;CONCENTRADO ORO VARIOS CLIENTE;914855;46500;144254;50428
;01-04-2002;2;74;BLISTER V.C. A RAF;6200;5981;3756;1809
;01-04-2002;2;75;BARRO ANODICO CRUDO;37154;11316;4793327;173580
;01-04-2002;2;76;BLISTER REFIMET;0;0;0;0
;01-04-2002;2;77;BLISTER REFIMET A FUND.;0;0;0;0
;01-04-2002;2;78;BLISTER V.C. A PLAMEN;80;65;1180;888
;01-04-2002;2;85;CIRCULANTE CPS/C.TTE;5854694;3230884;1048864;37484
;01-04-2002;2;86;POLVOS CPS/C.TTE;0;0;0;0
;01-04-2002;2;87;BLISTER VARIOS;6100;5898;2508;625
;01-04-2002;2;88;BLISTER V.C. A FUND.;0;0;0;0
;01-04-2002;2;89;REFRACTARIOS Y REACTIVOS;2335668;0;0;0
;01-04-2002;2;91;ANODOS CTE. RECHAZ.DEVOLUCION;0;0;0;0
;01-04-2002;2;92;ANODOS CORRIENTES H.ANODOS;13390385;13344378;2785134;101766
;01-04-2002;2;93;ANODOS CORRIENTE H.BASC.;4951805;4933261;1323570;50653
;01-04-2002;2;94;MOLDES ANODOS RAF;127081;126633;32636;1211
;01-04-2002;2;95;ANODOS ESPECIALES H.ANODO;0;0;0;0
;01-04-2002;2;96;COBRE ANODICO CIRCULANTE RAF;1513189;1415722;716547;89941
;01-04-2002;2;97;ESCORIA ANODICA RAF;706583;469184;53462;1033
;01-04-2002;2;98;PERDIDA METALURGICA RAF;9597;6164;793;65
;01-04-2002;2;99;ANODOS ESPECIALES H.BASC.;0;0;0;0
;01-04-2002;2;100;BLISTER H.VIDELA LIRA;0;0;0;0
;01-04-2002;2;101;BLISTER TENIENTE _ CODELCO;1654425;1648852;249066;2423
;01-04-2002;2;102;PRECIPITADOS COBRE V.C. A FUND;631295;482829;0;0
;01-04-2002;2;103;RESIDUAL MOLDEO ANODOS A RAF;0;0;0;0
;01-04-2002;2;104;BLISTER CODELCO CHUQUI;0;0;0;0
;01-04-2002;2;105;ESCORIA ANODOCA A CU ANODICO;0;0;0;0
;01-04-2002;2;106;AJUSTE DE FINOS (+);0;0;0;0
;01-04-2002;2;107;AJUSTE DE FINOS (-);0;0;0;0
;01-04-2002;2;109;MOLDES ANODOS A FUNDICION;0;0;0;0
;01-04-2002;2;110;ESCORIA ANODICA A EMBARQUE;0;0;0;0
;01-04-2002;2;111;CONCENTRADO COBRE V. CENTRAL;2929875;846331;166488;0
;01-04-2002;2;116;CARGA SOLIDA TERCERO A RAF;2497233;2493737;32473;2821
;01-04-2002;2;118;MOLDES ANODOS A RAF;114913;114499;30645;1272
;01-04-2002;2;119;CONC. COBRE V.CENTRAL A FUND.;2573028;766116;154446;0
;01-04-2002;2;120;COBRE ANODICO CIRCUL. A RAF;1205498;1126739;560459;81755
;01-04-2002;2;121;CIRCULANTES RAF A RAF;2186408;2104092;866141;94082
;01-04-2002;2;122;AJUSTE AGENCIA (+);0;0;0;0
;01-04-2002;2;123;RESTOS ANODOS CORRI. HVL A RAF;1127304;1122277;402020;32515
;01-04-2002;2;124;AJUSTE AGENCIA (-);0;0;0;0
;01-04-2002;2;125;DESPUNTES Y LAMINAS A RAF;2877;2877;22;0
;01-04-2002;2;126;CATODOS DESC. NORMAL A RAF;0;0;0;0
;01-04-2002;2;127;CIRCULANTES N.E. A RAF;7442877;7410151;2026849;78407
;01-04-2002;2;128;MOLDES DE ANODOS A EMBARQUE;6050;6024;1537;44
;01-04-2002;2;129;ANODO HOJAS MADRES H.ANODOS;2070992;2063825;537749;20023
;01-04-2002;2;130;BLISTER H.VIDELA LIRA A RAF;0;0;0;0
;01-04-2002;2;131;ANODO HOJAS MADRES H.BASC.;714864;712182;208746;8018
;01-04-2002;2;132;OTROS PRODUCTOS H.V.L.;0;0;0;0
;01-04-2002;2;133;RESTOS ANODOS ESPEC. HVL A RAF;0;0;0;0
;01-04-2002;2;134;RESTOS ANODOS CHAGRES;674823;672809;142573;1180
;01-04-2002;2;135;AJUSTE BENEFICIO CAT. E.W.;0;0;0;0
;01-04-2002;2;136;COBRE SUCIO H.VIDELA L. A RAF;0;0;0;0
;01-04-2002;2;137;ANODOS CHAGRES;2900310;2890651;513704;3731
;01-04-2002;2;138;ANODOS ESPECIALES H.V.L.;0;0;0;0
;01-04-2002;2;139;ESCORIA ANODICA LIQ A FUND.;257522;190858;22098;445
;01-04-2002;2;140;PRECIPITADO COBRE V.C.A R.ELEC;0;0;0;0
;01-04-2002;2;141;COBRE ANODICO CIRCUL. A FUND.;282594;265695;142799;6524
;01-04-2002;2;142;ANODOS CORRIENTES H.V.L.;5602410;5579961;2049507;146929
;01-04-2002;2;143;ANODOS ESPECIALES A N.E.;0;0;0;0
;01-04-2002;2;144;OTROS PRODUCTOS H.V.L. A FUND.;0;0;0;0
;01-04-2002;2;145;ANODOS ESPEC. RECHAZADOS A RAF;0;0;0;0
;01-04-2002;2;146;RESTOS ANODOS CHAGRES A RAF;750686;748431;142891;1218
;01-04-2002;2;147;PRECIPITADO COBRE V.C. A RAF;0;0;0;0
;01-04-2002;2;148;ANODOS CORRIENTES A N.E.;15432829;15378385;3260861;108628
;01-04-2002;2;149;ANODOS HOJAS MADRES A N.E.;2625586;2616189;707390;26071
;01-04-2002;2;150;BLISTER H.V.L. A FUND.;0;0;0;0
;01-04-2002;2;151;AJUSTE INVENTARIO (-);0;0;0;0
;01-04-2002;2;152;CONC. CIRCULANTE EXTERNO;0;0;0;0
;01-04-2002;2;153;RESTOS ANODOS TENIENTE A RAF;2179150;2169892;381247;3920
;01-04-2002;2;154;RESTOS ANODOS CORRIENTES H.V.L;920028;915797;349882;25442
;01-04-2002;2;155;RESTOS ANODOS H.M. VENTANAS;867128;863948;254955;9396
;01-04-2002;2;156;RESTOS ANODOS TENIENTE;1806663;1798697;401029;3865
;01-04-2002;2;157;LODOS PROCESO ELECTROLITICO;22724;14331;136;4
;01-04-2002;2;158;BARROS COBRE TELURO;0;0;0;0
;01-04-2002;2;159;RESTOS ANODOS CTE. VENTANAS;2992261;2977400;960070;35424
;01-04-2002;2;160;CATODOS DESCOBRIZACION PARCIAL;45790;45162;199;4
;01-04-2002;2;161;CATODOS COMERCIALES TOTALES;26258262;26255636;217635;0
;01-04-2002;2;162;DESPUNTES Y LAMINAS;211441;211420;1746;0
;01-04-2002;2;163;CATODOS DESCOBRIZACION NORMAL;166520;166503;1380;0
;01-04-2002;2;164;LODOS PROC. ELEC. A EMBARQUE;0;0;0;0
;01-04-2002;2;165;BARRO COBRE TELURO A FUNDICION;0;0;0;0
;01-04-2002;2;166;BARRO ANODICO DESCOBR. A PMN;28939;686;4877018;185351
;01-04-2002;2;167;CATODOS DESC. PARCIAL A EMB.;0;0;0;0
;01-04-2002;2;168;BLISTER TENIENTE A EMBARQUE;0;0;0;0
;01-04-2002;2;169;BLISTER TENIENTE A RAF;2468458;2465257;22923;734
;01-04-2002;2;170;ANODOS CORRIENTES H.V.L. A RAF;10056;10017;3515;258
;01-04-2002;2;171;CATODOS COMERC.STANDARD A RAF;5540;5539;44;0
;01-04-2002;2;172;ANODOS ESPEC. H.V.L. A RAF;0;0;0;0
;01-04-2002;2;173;CONC. ORO V.C. A FUND.;801586;42854;147301;47011
;01-04-2002;2;174;BARRO COBRE TELURO A EMBARQUE;0;0;0;0
;01-04-2002;2;175;BARRO COBRE TELURO A B.CRUDO;0;0;0;0
;01-04-2002;2;176;LODOS PROC. ELEC. A FUNDICION;0;0;0;0
;01-04-2002;2;177;CAT. INICIALES A PURIF.ELECTRO;10164;10163;0;0
;01-04-2002;2;178;CATODOS ELECTROWINING A RAF;118101;116773;0;0
;01-04-2002;2;179;ANODOS CHAGRES A N.E.;2236527;2229102;376824;3046
;01-04-2002;2;180;ANODOS CHAGRES A RAF;12519;12482;2279;20
;01-04-2002;2;181;SULFATO DE COBRE A REPROCESO;0;0;0;0
;01-04-2002;2;185;CONCENTRADO ORO PTA.VALLENAR;0;0;0;0
;01-04-2002;2;188;AZUFRE EN ACIDO;9959280;0;0;0
;01-04-2002;2;189;PERDIDA METALURGICA FUNDICION;814927;2748;20596;1793
;01-04-2002;2;190;RESTOS ANODOS ESPEC. VENTANAS;0;0;0;0
;01-04-2002;2;191;RESTOS ANODOS ESPEC. A RAF;0;0;0;0
;01-04-2002;2;193;CONCENTRADO PLATA PANULCILLO;0;0;0;0
;01-04-2002;2;195;POLVO CALDERA A EMBARQUE;0;0;0;0
;01-04-2002;2;196;CATODOS COMERCIALES APROBADOS;25897763;25895173;214602;0
;01-04-2002;2;197;CIRCULANTE FUSION A EMBARQUE;0;0;0;0
;01-04-2002;2;198;BLISTER DISPUTADA PROPIO;0;0;0;0
;01-04-2002;2;199;MOLDES Y PLACAS VARIOS;0;0;0;0
;01-04-2002;2;200;BLISTER DISPUTADA A RAF;0;0;0;0
;01-04-2002;2;202;CATODOS PTA. VALLENAR;0;0;0;0
;01-04-2002;2;203;POLVOS ELECTROFILTRO;44830;3439;7420;14
;01-04-2002;2;204;POLVO ELECTRO. A EMBARQUE;0;0;0;0
;01-04-2002;2;205;CONC. COBRE CENIZAS A EMBARQUE;0;0;0;0
;01-04-2002;2;206;CON.COBRE V. CENTRAL EMBARQUE;0;0;0;0
;01-04-2002;2;207;CONC.COBRE DISPUTADA EMBARQUE;0;0;0;0
;01-04-2002;2;208;CONC.COBRE V.ENAMI A EMBARQUE;0;0;0;0
;01-04-2002;2;210;POLVO ELECTROFILTRO A FUND.;44830;3439;7420;14
;01-04-2002;2;211;CATODOS H.V.L. Y OTRAS FAENAS;252473;252340;0;0
;01-04-2002;2;212;MINERALES DE COBRE A EMBARQUE;0;0;0;0
;01-04-2002;2;213;CONC. COBRE ANDINA A EMBARQUE;0;0;0;0
;01-04-2002;2;214;CATODOS COMERCIALES STANDARD;360499;360463;3033;0
;01-04-2002;2;215;CAT. COMERC.STANDARD A DESC.;0;0;0;0
;01-04-2002;2;216;CATODOS COMERC.STANDARD A EMB.;199942;199922;1450;2
;01-04-2002;2;217;CATODOS COMERC. APROB. A EMB.;26174743;26172126;206079;5
;01-04-2002;2;218;CATODOS DESC.NORMAL A CAT/STND;0;0;0;0
;01-04-2002;2;219;DESPUNTES/LAMINAS A EMBARQUE;285641;285612;2143;0
;01-04-2002;2;220;ACIDO A N.E. Y OTROS;1345618;0;0;0
;01-04-2002;2;221;MINERALES COBRE V.C. A FUND.;54051;19564;20504;298
;01-04-2002;2;222;CIRCULANTE CONVERSION A FUND.;10424300;5292938;1204059;45860
;01-04-2002;2;223;CONC. COBRE ANDINA MAQ A FUND.;13229105;3855718;817561;5069
;01-04-2002;2;224;LAMINAS/DESPUNTES PTA.VALLENAR;0;0;0;0
;01-04-2002;2;225;LAMINAS/DESPUNTES H.VIDELA L.;0;0;0;0
;01-04-2002;2;226;ESCORIA CPS/C.TTE BAJO CUCHARA;4473594;1934847;228950;5587
;01-04-2002;2;227;CATODOS COMERCIALES A STANDARD;0;0;0;0
;01-04-2002;2;228;ELECTROL/SOL. ACIDA EMB.;29654;29654;0;0
;01-04-2002;2;229;DEVOLUCION EXTERNO C. STANDARD;0;0;0;0
;01-04-2002;2;230;CAT. STANDARD A CAT. COM. APRO;0;0;0;0
;01-04-2002;2;233;CONCENTRADO PLATA A PMN;0;0;0;0
;01-04-2002;2;234;CASC. ESC. BOTADERO A PANUL.;0;0;0;0
;01-04-2002;2;235;DESPUNTES Y LAMINAS A N.E.;907;907;7;0
;01-04-2002;2;236;CASC. ESC. BOTADERO A EMBARQUE;0;0;0;0
;01-04-2002;2;238;CATODOS FAENA A RAF;0;0;0;0
;01-04-2002;2;239;CATODOS FAENA A EMBARQUE;25551;25530;0;0
;01-04-2002;2;240;CASCARON ESCORIA A FUNDICION;0;0;0;0
;01-04-2002;2;242;CONCENTRADO ORO PANULCILLO;0;0;0;0
;01-04-2002;2;244;CONCENTRADO COBRE PANULCILLO;0;0;0;0
;01-04-2002;2;246;PRECIPITADO COBRE PANULCILLO;0;0;0;0
;01-04-2002;2;247;CONC. PLATA V.C. A FUND.;0;0;0;0
;01-04-2002;2;249;CIRCULANTE RAF A FUNDICION;507977;381542;158459;6929
;01-04-2002;2;251;CATODOS COMERCIALES A EXPO.;0;0;0;0
;01-04-2002;2;252;CATODOS COMERCIALES DE EXPO.;0;0;0;0
;01-04-2002;2;255;CATODOS DESC. PARCIAL A RAF;0;0;0;0
;01-04-2002;2;257;CIRCULANTE N.E. A FUNDICION;0;0;0;0
;01-04-2002;2;258;CIRCULANTE CONVERSION A EMB.;0;0;0;0
;01-04-2002;2;260;AJUSTE AGENCIA (+);0;0;0;0
;01-04-2002;2;261;AJUSTE AGENCIA (-);0;0;0;0
;01-04-2002;2;262;AJUSTE AGENCIA (+);0;0;0;0
;01-04-2002;2;263;AJUSTE AGENCIA (-);0;0;0;0
;01-04-2002;2;264;RESIDUALES N.E.;0;0;0;0
;01-04-2002;2;265;RESIDUALES N.E. A FUNDICION;0;0;0;0
;01-04-2002;2;266;RESIDUALES N.E. A RAF;0;0;0;0
;01-04-2002;2;267;CONCENTRADO COBRE DISPUTADA;8297876;2381696;480723;2892
;01-04-2002;2;268;CONCENTRADO COBRE M.A.MATTA;0;0;0;0
;01-04-2002;2;271;CONC. COBRE M.A.MATTA A FUND.;0;0;0;0
;01-04-2002;2;274;CONC. COBRE PLANTAS A FUND.;0;0;0;0
;01-04-2002;2;275;CONC. COBRE DISPUTADA A FUND.;8545554;2502483;522497;2237
;01-04-2002;2;276;ANODOS TENIENTE COMPRA;2390340;2379933;367532;3749
;01-04-2002;2;277;ANODOS TENIENTE MAQUILA;6813070;6785156;1086051;10480
;01-04-2002;2;278;ANODOS MICHILLA;0;0;0;0
;01-04-2002;2;279;ANODOS TENIENTE A N.E.;8840931;8804569;1417622;12997
;01-04-2002;2;280;ANODOS TENIENTE RECHAZ. A EMB.;0;0;0;0
;01-04-2002;2;281;ANODOS TENIENTE A RAF;0;0;0;0
;01-04-2002;2;282;COBRE BAJO PISO A RAF;0;0;0;0
;01-04-2002;2;284;BLISTER DISPUTADA (ANODOS);0;0;0;0
;01-04-2002;2;285;CONC. COBRE CIRCUL. PANULCILLO;0;0;0;0
;01-04-2002;2;289;BLISTER C/F RESTO ANODO;0;0;0;0
;01-04-2002;2;290;BLISTER C/F RESTO ANODO A RAF;0;0;0;0
;01-04-2002;2;291;CIRC. EXTERNO A FUNDICION;0;0;0;0
;01-04-2002;2;292;CIRCULANTE CARBOMET EMBARQUE;0;0;0;0
;01-04-2002;2;294;AJUSTE AGENCIA (+);0;0;0;0
;01-04-2002;2;295;AJUSTE AGENCIA (-);0;0;0;0
;01-04-2002;2;296;CIRCUL. CARBOMET A RAF;0;0;0;0
;01-04-2002;2;297;AJUSTE AGENCIA (+);0;0;0;0
;01-04-2002;2;298;PRECIPITADO COBRE A EMBARQUE;0;0;0;0
;01-04-2002;2;299;AJUSTE AGENCIA (-);0;0;0;0
;01-04-2002;2;300;CONC. COBRE CIRC. A FUND.;0;0;0;0
;01-04-2002;2;301;PRECIPITADO CU V.C. A P. SULF.;63366;49463;0;0
;01-04-2002;2;302;MINERALES COBRE PANULCILLO;0;0;0;0
;01-04-2002;2;303;CONCENTRADO COBRE PLANTAS;0;0;0;0
;01-04-2002;2;304;ELECTROLITO A PLANTA SULFATO;1475000;73255;0;0
;01-04-2002;2;305;AJUSTE AGENCIA (+);0;0;0;0
;01-04-2002;2;306;AJUSTE AGENCIA (-);0;0;0;0
;01-04-2002;2;307;PRODUCCION SULFATO DE COBRE;141892;35121;0;0
;01-04-2002;2;308;PRODUCCION ARSENIATO FERRICO;103835;21950;0;0
;01-04-2002;2;309;GRANZAS A CIR. CONVERSION;0;0;0;0
;01-04-2002;2;310;CONCENTRADO COBRE PTA.VALLENAR;0;0;0;0
;01-04-2002;2;311;RIL;1190364;32;0;0
;01-04-2002;2;312;FUNDENTE CALCAREO A RAF;16169;0;0;0
;01-04-2002;2;313;FUNDENTE SILICEO A RAF;59280;0;0;0
;01-04-2002;2;314;CATODOS ELECTROWINING;78264;77208;0;0
;01-04-2002;2;315;SULFATO DE COBRE A EMBARQUE;256026;64029;0;0
;01-04-2002;2;316;EMBARQUE CATODOS ELECTROWINING;0;0;0;0
;01-04-2002;2;317;MINERALES ORO PANULCILLO;0;0;0;0
;01-04-2002;2;318;FUNDENTE CALCAREO A VARIOS;0;0;0;0
;01-04-2002;2;319;PRECIPITADO SIN REACCIONAR;4740;1142;0;0
;01-04-2002;2;320;BLISTER DISPUTADA (PLACAS);0;0;0;0
;01-04-2002;2;321;HIDROXIDO DE NIQUEL;72031;7285;0;0
;01-04-2002;2;322;MINERALES ORO V.C. A FUND.;65172;512;5237;3327
;01-04-2002;2;323;HIDROXIDO DE NIQUEL A EMBARQUE;10010;834;0;0
;01-04-2002;2;324;PRECIPITADO S/REACC.A FUNDICIO;0;0;0;0
;01-04-2002;2;325;AJUSTE (+);0;0;0;0
;01-04-2002;2;326;ESCORIA ANODICA SOLIDA A FUND;198412;106694;12469;278
;01-04-2002;2;327;AJUSTE (-);0;0;0;0
;01-04-2002;2;328;EMBARQUE MINERAL ORO V.C.;0;0;0;0
;01-04-2002;2;329;PRECIPITADO EMBARCADO;0;0;0;0
;01-04-2002;2;331;GRANZAS A RAF;0;0;0;0
;01-04-2002;2;340;CONCENTRADO ORO BRONCE;0;0;0;0
;01-04-2002;2;342;CONC. ORO BRONCE A FUND.;0;0;0;0
;01-04-2002;2;350;CASCARON ESCORIA A BOTADERO;0;0;0;0
;01-04-2002;2;361;RESIDUALES DE PMN;10699;96;294397;4558
;01-04-2002;2;376;RESIDUAL PMN A FUNDICION;10699;96;294397;4558
;01-04-2002;2;378;RESIDUAL PMN A RAF;0;0;0;0
;01-04-2002;2;383;CONCENTRADO COBRE ESCONDIDA;0;0;0;0
;01-04-2002;2;392;CONC. COBRE V.C. A FUND.;4128936;1061384;643300;14505
;01-04-2002;2;393;CONC.V.C.A CENIZAS;0;0;0;0
;01-04-2002;2;395;CONC. COBRE ESCONDIDA A FUND.;0;0;0;0
;01-04-2002;2;397;ANODOS CORRIENTES A CODELCO;0;0;0;0
;01-04-2002;2;399;ANODOS CORRIENTE DE EXPOSICION;0;0;0;0
;01-04-2002;2;400;ANODOS CORRIENTES A EXPO.;0;0;0;0
;01-04-2002;2;401;COBRE EN ELECTROLITO A N.E.;11463;10852;0;0
;01-04-2002;2;402;ANODOS CTE. RECHAZADOS A RAF;618741;616508;188752;7911
;01-04-2002;2;403;ANODOS CTE. RECHAZ.PRESTAMO;0;0;0;0
;01-04-2002;2;404;ANODOS H.M. RECHAZADOS A RAF;247256;246346;86285;3144
;01-04-2002;2;405;ANODOS HOJAS MADRE EMBARQUE;0;0;0;0
;01-04-2002;2;406;RESTOS ANODOS CORRIENTE A RAF;3210697;3195192;1052607;38994
;01-04-2002;2;408;RESTOS ANODOS H.M. A RAF;166622;165943;48018;1760
;01-04-2002;2;412;RESTOS ANODOS H.M.A N.E.;720653;717736;205916;4422
;01-04-2002;2;418;DESPUNTES/LAMINAS A FAENA;0;0;0;0
;01-04-2002;2;419;DESPUNTES/LAMINAS A EXPO.;0;0;0;0
;01-04-2002;2;420;AJUSTE AGENCIA (-);0;0;0;0
;01-04-2002;2;423;DESPUNTES/LAMINAS DE EXPO.;0;0;0;0
;01-04-2002;2;430;AJUSTE PRODUCCION (-);0;0;0;0
;01-04-2002;2;431;AJUSTE PRODUCCION (+);0;0;0;0
;01-04-2002;2;432;AJUSTE PRODUCCION (-);0;0;0;0
;01-04-2002;2;433;AJUSTE PRODUCCION (+);0;0;0;0
;01-04-2002;2;434;AJUSTE AGENCIA (+);0;0;0;0
;01-04-2002;2;435;AJUSTE AGENCIA (-);0;0;0;0
;01-04-2002;2;436;AJUSTE AGENCIA (+);0;0;0;0
;01-04-2002;2;437;AJUSTE AGENCIA (-);0;0;0;0
;01-04-2002;2;438;AJUSTE AGENCIA (+);0;0;0;0
;01-04-2002;2;439;AJUSTE AGENCIA (-);0;0;0;0
;01-04-2002;2;440;AJUSTE AGENCIA (+);0;0;0;0
;01-04-2002;2;441;AJUSTE AGENCIA (-);0;0;0;0
;01-04-2002;2;442;BARRIDO RAF;30658;10454;1925;3
;01-04-2002;2;443;AJUSTE AGENCIA (+);0;0;0;0
;01-04-2002;2;444;AJUSTE AGENCIA (+);0;0;0;0
;01-04-2002;2;445;AJUSTE AGENCIA (-);0;0;0;0
;01-04-2002;2;446;AJUSTE AGENCIA (+);0;0;0;0
;01-04-2002;2;447;AJUSTE AGENCIA (-);0;0;0;0
;01-04-2002;2;448;AJUSTE AGENCIA (+);0;0;0;0
;01-04-2002;2;449;AJUSTE AGENCIA (+);0;0;0;0
;01-04-2002;2;450;AJUSTE AGENCIA (-);0;0;0;0
;01-04-2002;2;451;AJUSTE AGENCIA (-);0;0;0;0
;01-04-2002;2;452;AJUSTE AGENCIA (+);0;0;0;0
;01-04-2002;2;453;AJUSTE AGENCIA (-);0;0;0;0
;01-04-2002;2;454;AJUSTE AGENCIA (+);0;0;0;0
;01-04-2002;2;455;AJUSTE AGENCIA (-);0;0;0;0
;01-04-2002;2;456;AJUSTE AGENCIA (+);0;0;0;0
;01-04-2002;2;457;AJUSTE AGENCIA (-);0;0;0;0
;01-04-2002;2;458;AJUSTE AGENCIA (+);0;0;0;0
;01-04-2002;2;459;AJUSTE AGENCIA (-);0;0;0;0
;01-04-2002;2;460;AJUSTE AGENCIA (+);0;0;0;0
;01-04-2002;2;461;AJUSTE AGENCIA (-);0;0;0;0
;01-04-2002;2;462;AJUSTE AGENCIA (-);0;0;0;0
;01-04-2002;2;463;AJUSTE AGENCIA (-);0;0;0;0
;01-04-2002;2;464;AJUSTE AGENCIA (+);0;0;0;0
;01-04-2002;2;465;AJUSTE AGENCIA (+);0;0;0;0
;01-04-2002;2;466;AJUSTE AGENCIA (+);0;0;0;0
;01-04-2002;2;467;AJUSTE AGENCIA (-);0;0;0;0
;01-04-2002;2;468;AJUSTE AGENCIA (+);0;0;0;0
;01-04-2002;2;469;AJUSTE AGENCIA (+);0;0;0;0
;01-04-2002;2;470;AJUSTE AGENCIA (-);0;0;0;0
;01-04-2002;2;471;AJUSTE AGENCIA (+);0;0;0;0
;01-04-2002;2;472;AJUSTE AGENCIA (-);0;0;0;0
;01-04-2002;2;473;AJUSTE AGENCIA (+);0;0;0;0
;01-04-2002;2;474;AJUSTE AGENCIA (-);0;0;0;0
;01-04-2002;2;475;AJUSTE AGENCIA (+);0;0;0;0
;01-04-2002;2;476;AJUSTE AGENCIA (+);0;0;0;0
;01-04-2002;2;477;AJUSTE AGENCIA (+);0;0;0;0
;01-04-2002;2;478;AJUSTE AGENCIA (-);0;0;0;0
;01-04-2002;2;479;AJUSTE AGENCIA (+);0;0;0;0
;01-04-2002;2;480;AJUSTE AGENCIA (-);0;0;0;0
;01-04-2002;2;481;AJUSTE AGENCIA (-);0;0;0;0
;01-04-2002;2;482;AJUSTE AGENCIA (-);0;0;0;0
;01-04-2002;2;483;AJUSTE INVENTARIO (-);0;0;0;0
;01-04-2002;2;484;AJUSTE AGENCIA (-);0;0;0;0
;01-04-2002;2;485;AJUSTE INVENTARIO (+);0;0;0;0
;01-04-2002;2;486;AJUSTE INVENTARIO (-);0;0;0;0
;01-04-2002;2;487;AJUSTE AGENCIA (+);0;0;0;0
;01-04-2002;2;488;AJUSTE AGENCIA (-);0;0;0;0
;01-04-2002;2;489;AJUSTE INVENTARIO;0;0;0;0
;01-04-2002;2;490;AJUSTE FINOS (-);0;0;0;0
;01-04-2002;2;491;AJUSTE INVENTARIO;0;0;0;0
;01-04-2002;2;492;AJUSTE INVENTARIO;0;0;0;0
;01-04-2002;2;493;AJUSTE BARRO ANODOCO CRUDO;0;0;0;0
;01-04-2002;2;494;AJUSTE INVENTARIO;0;0;0;0
;01-04-2002;2;495;ANODOS ESPEC. H.V.L. A  N.E.;0;0;0;0
;01-04-2002;2;496;REG. EMB. CASC. ESC. BOTADERO;0;0;0;0
;01-04-2002;2;497;ANODOS CORRIENTES H.V.L.A N.E.;4513597;4495775;1537607;104943
;01-04-2002;2;498;REG. EMB. CASC. ESC. BOTADERO;0;0;0;0
;01-04-2002;2;499;AJUSTE PRODUCCION (+);0;0;0;0
;01-04-2002;2;500;AJUSTE PRODUCCION (-);170520;0;0;0
;01-04-2002;3;1;PRECIPITADOS COBRE V.CLIENTES;2655114;2029531;0;0
;01-04-2002;3;2;CONCENTRADO COBRE PLANTAS ENM;0;0;0;0
;01-04-2002;3;3;CONCENTRADO COBRE V.CLIENTES;1336083;345107;261181;5522
;01-04-2002;3;4;CONCENTRADO COBRE ESCONDIDA;0;0;0;0
;01-04-2002;3;5;CONCENTRADO COBRE DISPUTADA;6031498;1737782;368769;1044
;01-04-2002;3;6;CONCENTRADO COBRE PELAMBRE;485362;205921;43239;978
;01-04-2002;3;8;CONCENTRADO COBRE ANDINA MAQ.;3028689;883335;413027;1399
;01-04-2002;3;10;CONCENTRADO COBRE M.A.MATTA;0;0;0;0
;01-04-2002;3;12;CONCENTRADO COBRE TERCEROS;1545219;446358;90478;0
;01-04-2002;3;13;CONCENTRADO COBRE CENIZAS;1801751;474054;351548;7619
;01-04-2002;3;14;CONCENTRADO ORO EL BRONCE;0;0;0;0
;01-04-2002;3;15;CONCENTRADO ORO V.CLIENTES;679805;34244;118667;40046
;01-04-2002;3;16;CONCENTRADOS PLATA V.CLIENTES;0;0;0;0
;01-04-2002;3;18;MINERALES COBRE V.CLIENTES;12877;4524;4805;61
;01-04-2002;3;19;MINERALES ORO V.CLIENTES;18549;123;1750;1355
;01-04-2002;3;20;MINERALES PLATA V.CLIENTES;0;0;0;0
;01-04-2002;3;22;FUNDENTES CALCAREOS;161904;0;0;0
;01-04-2002;3;23;FUNDENTES SILICEOS;3765895;0;0;0
;01-04-2002;3;25;RESIDUALES P. METALES NOBLES;0;0;0;0
;01-04-2002;3;26;FUNDICION;2829167;950819;353329;13803
;01-04-2002;3;27;POLVOS CALDERA;0;0;0;0
;01-04-2002;3;28;POLVOS ELECTROFILTRO;10771;140;420;2
;01-04-2002;3;29;CIRCULANTE EXTERNO;0;0;0;0
;01-04-2002;3;30;CIRCULANTE FUSION H.REV;0;0;0;0
;01-04-2002;3;31;CIRCULANTE PANULCILLO;0;0;0;0
;01-04-2002;3;32;CASCARON ESCORIA BOTADERO;0;0;0;0
;01-04-2002;3;42;CIRCULANTE CONVERSION;16816251;7955435;1881017;226
;01-04-2002;3;44;POLVOS CONVERTIDORES;27842;13327;6037;70
;01-04-2002;3;47;BLISTER REFIMET;0;0;0;0
;01-04-2002;3;48;BLISTER VARIOS;50;40;738;555
;01-04-2002;3;49;BLISTER HERNAN VIDELA LIRA;0;0;0;0
;01-04-2002;3;50;BLISTER CODELCO;1067428;1063580;226143;1689
;01-04-2002;3;51;BLISTER DISPUTADA;0;0;0;0
;01-04-2002;3;54;REFINO A FUEGO;524786;515205;290786;8341
;01-04-2002;3;56;ANODOS CORRIENTES VENTANAS;3853533;3840000;1207145;49556
;01-04-2002;3;57;ANODOS HOJAS MADRES VENTANAS;564024;561968;156344;5985
;01-04-2002;3;58;ANODOS ESPECIALES VENTANAS;0;0;0;0
;01-04-2002;3;59;BLISTER C/FORMA RESTO ANODOS;0;0;0;0
;01-04-2002;3;61;MOLDES ANODOS RAF;261860;260915;74110;3047
;01-04-2002;3;62;RESIDUOS MOLDEO ANODOS;0;0;0;0
;01-04-2002;3;64;COBRE ANODICO CIRCULANTE;51664;47812;26027;2927
;01-04-2002;3;65;ESCORIA ANODICA RAF;926256;541077;70554;1565
;01-04-2002;3;66;GRANZAS RAF;60576;20296;6789;293
;01-04-2002;3;67;ANODOS TENIENTE;1863111;1855218;290211;2949
;01-04-2002;3;68;ANODOS CHAGRES;655991;653781;135486;672
;01-04-2002;3;73;ANODOS ESPECIALES H.V.L.;0;0;0;0
;01-04-2002;3;74;COBRE BAJO PISO;1526241;1437132;636402;31492
;01-04-2002;3;75;ANODOS CORRIENTES H. V. LIRA;1138411;1133594;529569;43374
;01-04-2002;3;76;REFINERIA ELECTROLITICA;15481141;15389572;5097264;194449
;01-04-2002;3;77;CATODOS COMERC. EN PREPARACION;0;0;0;0
;01-04-2002;3;78;CATODOS COMERCIALES APROBADOS;10202764;10201742;84430;16
;01-04-2002;3;79;CATODOS COMERCIALES STANDARD;863332;863246;6750;22
;01-04-2002;3;80;CATODOS DESCOBRIZACION NORMAL;344095;344064;2774;4
;01-04-2002;3;81;CATODOS DESCOBRIZACION PARCIAL;220036;214605;1020;19
;01-04-2002;3;82;DESPUNTES Y LAMINAS;135973;135952;1120;1
;01-04-2002;3;83;COBRE ELECTROLITICO FAENAS ENM;663994;663505;0;0
;01-04-2002;3;84;RESTOS DE ANODOS N.E.;1067275;1063347;356216;9038
;01-04-2002;3;89;LODOS PROCESO ELECTROLITICO;163778;104251;2653;99
;01-04-2002;3;91;RESIDUALES N.E.;0;0;0;0
;01-04-2002;3;93;BARRO ANODICO;18479;5628;2384048;93570
;01-04-2002;3;94;BARRO COBRE TELURO;0;0;0;0
;01-04-2002;3;95;ACIDO SULFURICO;25340250;0;0;0
;01-04-2002;3;96;PURIFICACION ELECTROLITO;172085;18598;0;0
;01-04-2002;3;97;SULFATO DE COBRE;69078;17276;0;0
;01-04-2002;3;98;CATODOS ELECTROWINING;19003;18789;0;0
;01-04-2002;3;99;HIDROXIDO DE NIQUEL;1391185;115850;0;0
;01-04-2002;3;100;PRECIPITADO SIN REACCIONAR;410618;116878;0;0
