;01-07-2002;2;2;MINERALES COBRE VARIOS CLIENTE;45184;8087;2082;2081
;01-07-2002;2;3;CONCENTRADO COBRE V.CLIENTES;2927891;765899;531271;7541
;01-07-2002;2;4;PRECIPITADO COBRE VARIOS CLIEN;387382;286619;0;0
;01-07-2002;2;5;CONCENTRADO PLATA VARIOS CLIEN;0;0;0;0
;01-07-2002;2;6;PRODUCCION DE ACIDO SULFURICO;32115600;0;0;0
;01-07-2002;2;7;EMBARQUE ACIDO SULFURICO;47764440;0;0;0
;01-07-2002;2;8;EMBARQUE ACIDO K-4;0;0;0;0
;01-07-2002;2;9;FUNDENTES CALCAREOS;0;0;0;0
;01-07-2002;2;10;PRESTAMO DISPUTADA/OXIQUIM;0;0;0;0
;01-07-2002;2;11;MINERALES ORO VARIOS CLIENTES;22544;334;3082;1619
;01-07-2002;2;12;MINERALES PLATA VARIOS CLIENTE;0;0;0;0
;01-07-2002;2;13;DEVOLUCION DISPUTADA/OXIQUIM;0;0;0;0
;01-07-2002;2;14;CONCENTRADO COBRE ANDINA MAQUI;21177424;6237411;1560066;11266
;01-07-2002;2;15;FUNDENTES SILICEOS;2625510;0;0;0
;01-07-2002;2;16;CONCENTRADO COBRE CENIZAS;3609650;960494;93407;15553
;01-07-2002;2;19;CONC. COBRE CENIZAS A FUND.;2834248;754830;83490;12023
;01-07-2002;2;22;POLVO ELECT. P. ACIDO;254069;28433;31548;230
;01-07-2002;2;23;RESIDUO MOLDEO ANODOS RAF;0;0;0;0
;01-07-2002;2;24;CARGA NUEVA UTIL A FUNDICION;37538201;10700265;2784322;91454
;01-07-2002;2;25;FUNDENTE CALCAREO A FUND.;0;0;0;0
;01-07-2002;2;26;POLVO CALDERA A FUNDICION;0;0;0;0
;01-07-2002;2;27;POLVO CONVERTIDOR A FUNDICION;78237;45241;13111;285
;01-07-2002;2;28;CIRCULANTES FUNDICION A FUND.;11011980;5168538;1181167;39356
;01-07-2002;2;30;CIRCULANTE FUSION;0;0;0;0
;01-07-2002;2;32;CIRCULANTE FUSION A FUNDICION;0;0;0;0
;01-07-2002;2;36;CONCENTRADO ORO A EMBARQUE;0;0;0;0
;01-07-2002;2;37;CONC. COBRE PELAMBRE A FUND.;0;0;0;0
;01-07-2002;2;40;BLISTER TOTAL;12080622;11930732;3398735;112592
;01-07-2002;2;41;REFRACTARIOS Y REACTIVOS;739849;0;0;0
;01-07-2002;2;44;CONCENTRADO COBRE PELAMBRE;0;0;0;0
;01-07-2002;2;45;AJUSTE POR DIFERENCIA DE LEYES;0;0;0;0
;01-07-2002;2;46;CATODOS DESC. NORMAL A EMB.;99999;99989;777;3
;01-07-2002;2;49;AJUSTE COBRE BAJO PISO;0;0;0;0
;01-07-2002;2;50;COBRE BAJO PISO;0;0;0;0
;01-07-2002;2;51;POLVOS CALDERA;0;0;0;0
;01-07-2002;2;54;ESCORIA FUNDICION A BOTADERO;23838399;214433;171842;1284
;01-07-2002;2;65;FUNDENTE SILICEO A FUND.;3464887;0;0;0
;01-07-2002;2;68;MINERALES PLATA V.C. A FUND.;0;0;0;0
;01-07-2002;2;71;BLISTER REFIMET A RAF;0;0;0;0
;01-07-2002;2;72;GRANZAS A FUNDICION;61342;23585;6667;266
;01-07-2002;2;73;CONCENTRADO ORO VARIOS CLIENTE;623158;41337;119678;39906
;01-07-2002;2;74;BLISTER V.C. A RAF;100;79;3268;2014
;01-07-2002;2;75;BARRO ANODICO CRUDO;47108;14051;6594123;256839
;01-07-2002;2;76;BLISTER REFIMET;0;0;0;0
;01-07-2002;2;77;BLISTER REFIMET A FUND.;0;0;0;0
;01-07-2002;2;78;BLISTER V.C. A PLAMEN;0;0;0;0
;01-07-2002;2;85;CIRCULANTE CPS/C.TTE;8543839;4148001;561638;22975
;01-07-2002;2;86;POLVOS CPS/C.TTE;105572;78994;17838;301
;01-07-2002;2;87;BLISTER VARIOS;0;0;0;0
;01-07-2002;2;88;BLISTER V.C. A FUND.;0;0;0;0
;01-07-2002;2;89;REFRACTARIOS Y REACTIVOS;2774176;0;0;0
;01-07-2002;2;91;ANODOS CTE. RECHAZ.DEVOLUCION;0;0;0;0
;01-07-2002;2;92;ANODOS CORRIENTES H.ANODOS;8416542;8386428;2254047;76175
;01-07-2002;2;93;ANODOS CORRIENTE H.BASC.;6847206;6818500;1818824;59462
;01-07-2002;2;94;MOLDES ANODOS RAF;122948;122477;29935;1012
;01-07-2002;2;95;ANODOS ESPECIALES H.ANODO;0;0;0;0
;01-07-2002;2;96;COBRE ANODICO CIRCULANTE RAF;1988478;1844903;1017488;118136
;01-07-2002;2;97;ESCORIA ANODICA RAF;1636681;840576;103511;1700
;01-07-2002;2;98;PERDIDA METALURGICA RAF;10538;5424;610;59
;01-07-2002;2;99;ANODOS ESPECIALES H.BASC.;0;0;0;0
;01-07-2002;2;100;BLISTER H.VIDELA LIRA;0;0;0;0
;01-07-2002;2;101;BLISTER TENIENTE _ CODELCO;576675;575620;30441;311
;01-07-2002;2;102;PRECIPITADOS COBRE V.C. A FUND;340195;255026;0;0
;01-07-2002;2;103;RESIDUAL MOLDEO ANODOS A RAF;0;0;0;0
;01-07-2002;2;104;BLISTER CODELCO CHUQUI;0;0;0;0
;01-07-2002;2;105;ESCORIA ANODOCA A CU ANODICO;0;0;0;0
;01-07-2002;2;106;AJUSTE DE FINOS (+);0;0;0;0
;01-07-2002;2;107;AJUSTE DE FINOS (-);0;0;0;0
;01-07-2002;2;109;MOLDES ANODOS A FUNDICION;0;0;0;0
;01-07-2002;2;110;ESCORIA ANODICA A EMBARQUE;0;0;0;0
;01-07-2002;2;111;CONCENTRADO COBRE V. CENTRAL;3517580;1013715;185567;0
;01-07-2002;2;116;CARGA SOLIDA TERCERO A RAF;795734;794496;34601;2382
;01-07-2002;2;118;MOLDES ANODOS A RAF;119751;119301;30855;1157
;01-07-2002;2;119;CONC. COBRE V.CENTRAL A FUND.;3488598;1004582;226872;0
;01-07-2002;2;120;COBRE ANODICO CIRCUL. A RAF;1404091;1317597;666554;104395
;01-07-2002;2;121;CIRCULANTES RAF A RAF;2105255;2015991;849324;110363
;01-07-2002;2;122;AJUSTE AGENCIA (+);0;0;0;0
;01-07-2002;2;123;RESTOS ANODOS CORRI. HVL A RAF;530684;528565;152014;14295
;01-07-2002;2;124;AJUSTE AGENCIA (-);0;0;0;0
;01-07-2002;2;125;DESPUNTES Y LAMINAS A RAF;12740;12739;95;0
;01-07-2002;2;126;CATODOS DESC. NORMAL A RAF;30873;30870;240;3
;01-07-2002;2;127;CIRCULANTES N.E. A RAF;5879461;5854527;1419771;51939
;01-07-2002;2;128;MOLDES DE ANODOS A EMBARQUE;0;0;0;0
;01-07-2002;2;129;ANODO HOJAS MADRES H.ANODOS;1357125;1352244;362727;13036
;01-07-2002;2;130;BLISTER H.VIDELA LIRA A RAF;0;0;0;0
;01-07-2002;2;131;ANODO HOJAS MADRES H.BASC.;1311792;1306369;342043;12414
;01-07-2002;2;132;OTROS PRODUCTOS H.V.L.;0;0;0;0
;01-07-2002;2;133;RESTOS ANODOS ESPEC. HVL A RAF;0;0;0;0
;01-07-2002;2;134;RESTOS ANODOS CHAGRES;603163;601442;97812;626
;01-07-2002;2;135;AJUSTE BENEFICIO CAT. E.W.;0;0;0;0
;01-07-2002;2;136;COBRE SUCIO H.VIDELA L. A RAF;0;0;0;0
;01-07-2002;2;137;ANODOS CHAGRES;3333420;3322769;617317;3099
;01-07-2002;2;138;ANODOS ESPECIALES H.V.L.;0;0;0;0
;01-07-2002;2;139;ESCORIA ANODICA LIQ A FUND.;919006;464741;63833;1256
;01-07-2002;2;140;PRECIPITADO COBRE V.C.A R.ELEC;0;0;0;0
;01-07-2002;2;141;COBRE ANODICO CIRCUL. A FUND.;506874;449860;242091;11222
;01-07-2002;2;142;ANODOS CORRIENTES H.V.L.;3028940;3017780;816923;91721
;01-07-2002;2;143;ANODOS ESPECIALES A N.E.;0;0;0;0
;01-07-2002;2;144;OTROS PRODUCTOS H.V.L. A FUND.;0;0;0;0
;01-07-2002;2;145;ANODOS ESPEC. RECHAZADOS A RAF;0;0;0;0
;01-07-2002;2;146;RESTOS ANODOS CHAGRES A RAF;603188;601467;98308;626
;01-07-2002;2;147;PRECIPITADO COBRE V.C. A RAF;0;0;0;0
;01-07-2002;2;148;ANODOS CORRIENTES A N.E.;15037282;14979435;4052180;133454
;01-07-2002;2;149;ANODOS HOJAS MADRES A N.E.;2578263;2568512;713912;25264
;01-07-2002;2;150;BLISTER H.V.L. A FUND.;0;0;0;0
;01-07-2002;2;151;AJUSTE INVENTARIO (-);0;0;0;0
;01-07-2002;2;152;CONC. CIRCULANTE EXTERNO;0;0;0;0
;01-07-2002;2;153;RESTOS ANODOS TENIENTE A RAF;905629;902276;150744;1763
;01-07-2002;2;154;RESTOS ANODOS CORRIENTES H.V.L;761996;758954;215330;20349
;01-07-2002;2;155;RESTOS ANODOS H.M. VENTANAS;839523;836690;234295;9403
;01-07-2002;2;156;RESTOS ANODOS TENIENTE;1121013;1116874;185441;2184
;01-07-2002;2;157;LODOS PROCESO ELECTROLITICO;16429;11438;460;14
;01-07-2002;2;158;BARROS COBRE TELURO;0;0;0;0
;01-07-2002;2;159;RESTOS ANODOS CTE. VENTANAS;3886956;3872927;1087282;36868
;01-07-2002;2;160;CATODOS DESCOBRIZACION PARCIAL;62858;62254;259;9
;01-07-2002;2;161;CATODOS COMERCIALES TOTALES;26988025;26985326;193962;541
;01-07-2002;2;162;DESPUNTES Y LAMINAS;263108;263082;1842;5
;01-07-2002;2;163;CATODOS DESCOBRIZACION NORMAL;174710;174693;1233;6
;01-07-2002;2;164;LODOS PROC. ELEC. A EMBARQUE;0;0;0;0
;01-07-2002;2;165;BARRO COBRE TELURO A FUNDICION;0;0;0;0
;01-07-2002;2;166;BARRO ANODICO DESCOBR. A PMN;40193;961;7545057;302743
;01-07-2002;2;167;CATODOS DESC. PARCIAL A EMB.;0;0;0;0
;01-07-2002;2;168;BLISTER TENIENTE A EMBARQUE;0;0;0;0
;01-07-2002;2;169;BLISTER TENIENTE A RAF;573907;572848;30441;311
;01-07-2002;2;170;ANODOS CORRIENTES H.V.L. A RAF;1618;1613;449;55
;01-07-2002;2;171;CATODOS COMERC.STANDARD A RAF;5307;5306;41;0
;01-07-2002;2;172;ANODOS ESPEC. H.V.L. A RAF;0;0;0;0
;01-07-2002;2;173;CONC. ORO V.C. A FUND.;853641;55898;170599;52725
;01-07-2002;2;174;BARRO COBRE TELURO A EMBARQUE;0;0;0;0
;01-07-2002;2;175;BARRO COBRE TELURO A B.CRUDO;0;0;0;0
;01-07-2002;2;176;LODOS PROC. ELEC. A FUNDICION;0;0;0;0
;01-07-2002;2;177;CAT. INICIALES A PURIF.ELECTRO;10164;10163;0;0
;01-07-2002;2;178;CATODOS ELECTROWINING A RAF;56248;55811;0;0
;01-07-2002;2;179;ANODOS CHAGRES A N.E.;3107242;3097274;574442;2825
;01-07-2002;2;180;ANODOS CHAGRES A RAF;2504;2495;443;2
;01-07-2002;2;181;SULFATO DE COBRE A REPROCESO;0;0;0;0
;01-07-2002;2;185;CONCENTRADO ORO PTA.VALLENAR;0;0;0;0
;01-07-2002;2;188;AZUFRE EN ACIDO;7682875;0;0;0
;01-07-2002;2;189;PERDIDA METALURGICA FUNDICION;1540816;2751;10408;1615
;01-07-2002;2;190;RESTOS ANODOS ESPEC. VENTANAS;0;0;0;0
;01-07-2002;2;191;RESTOS ANODOS ESPEC. A RAF;0;0;0;0
;01-07-2002;2;193;CONCENTRADO PLATA PANULCILLO;0;0;0;0
;01-07-2002;2;195;POLVO CALDERA A EMBARQUE;0;0;0;0
;01-07-2002;2;196;CATODOS COMERCIALES APROBADOS;26635933;26633269;191540;533
;01-07-2002;2;197;CIRCULANTE FUSION A EMBARQUE;0;0;0;0
;01-07-2002;2;198;BLISTER DISPUTADA PROPIO;0;0;0;0
;01-07-2002;2;199;MOLDES Y PLACAS VARIOS;0;0;0;0
;01-07-2002;2;200;BLISTER DISPUTADA A RAF;0;0;0;0
;01-07-2002;2;202;CATODOS PTA. VALLENAR;0;0;0;0
;01-07-2002;2;203;POLVOS ELECTROFILTRO;44653;3685;9376;9
;01-07-2002;2;204;POLVO ELECTRO. A EMBARQUE;0;0;0;0
;01-07-2002;2;205;CONC. COBRE CENIZAS A EMBARQUE;0;0;0;0
;01-07-2002;2;206;CON.COBRE V. CENTRAL EMBARQUE;0;0;0;0
;01-07-2002;2;207;CONC.COBRE DISPUTADA EMBARQUE;0;0;0;0
;01-07-2002;2;208;CONC.COBRE V.ENAMI A EMBARQUE;0;0;0;0
;01-07-2002;2;210;POLVO ELECTROFILTRO A FUND.;44653;3685;9376;9
;01-07-2002;2;211;CATODOS H.V.L. Y OTRAS FAENAS;412880;412627;0;0
;01-07-2002;2;212;MINERALES DE COBRE A EMBARQUE;0;0;0;0
;01-07-2002;2;213;CONC. COBRE ANDINA A EMBARQUE;0;0;0;0
;01-07-2002;2;214;CATODOS COMERCIALES STANDARD;352092;352057;2422;8
;01-07-2002;2;215;CAT. COMERC.STANDARD A DESC.;0;0;0;0
;01-07-2002;2;216;CATODOS COMERC.STANDARD A EMB.;199913;199893;1563;1
;01-07-2002;2;217;CATODOS COMERC. APROB. A EMB.;28935825;28932931;211441;390
;01-07-2002;2;218;CATODOS DESC.NORMAL A CAT/STND;0;0;0;0
;01-07-2002;2;219;DESPUNTES/LAMINAS A EMBARQUE;227064;227041;1775;1
;01-07-2002;2;220;ACIDO A N.E. Y OTROS;1283251;0;0;0
;01-07-2002;2;221;MINERALES COBRE V.C. A FUND.;46639;8234;2082;2127
;01-07-2002;2;222;CIRCULANTE CONVERSION A FUND.;10889090;5119612;1158680;39062
;01-07-2002;2;223;CONC. COBRE ANDINA MAQ A FUND.;18607521;5435414;1371677;9801
;01-07-2002;2;224;LAMINAS/DESPUNTES PTA.VALLENAR;0;0;0;0
;01-07-2002;2;225;LAMINAS/DESPUNTES H.VIDELA L.;0;0;0;0
;01-07-2002;2;226;ESCORIA CPS/C.TTE BAJO CUCHARA;1721974;335294;73198;1086
;01-07-2002;2;227;CATODOS COMERCIALES A STANDARD;0;0;0;0
;01-07-2002;2;228;ELECTROL/SOL. ACIDA EMB.;41906;41906;0;0
;01-07-2002;2;229;DEVOLUCION EXTERNO C. STANDARD;0;0;0;0
;01-07-2002;2;230;CAT. STANDARD A CAT. COM. APRO;0;0;0;0
;01-07-2002;2;233;CONCENTRADO PLATA A PMN;0;0;0;0
;01-07-2002;2;234;CASC. ESC. BOTADERO A PANUL.;0;0;0;0
;01-07-2002;2;235;DESPUNTES Y LAMINAS A N.E.;10565;10564;79;0
;01-07-2002;2;236;CASC. ESC. BOTADERO A EMBARQUE;0;0;0;0
;01-07-2002;2;238;CATODOS FAENA A RAF;217605;217461;0;0
;01-07-2002;2;239;CATODOS FAENA A EMBARQUE;212628;212488;0;0
;01-07-2002;2;240;CASCARON ESCORIA A FUNDICION;0;0;0;0
;01-07-2002;2;242;CONCENTRADO ORO PANULCILLO;0;0;0;0
;01-07-2002;2;244;CONCENTRADO COBRE PANULCILLO;0;0;0;0
;01-07-2002;2;246;PRECIPITADO COBRE PANULCILLO;0;0;0;0
;01-07-2002;2;247;CONC. PLATA V.C. A FUND.;0;0;0;0
;01-07-2002;2;249;CIRCULANTE RAF A FUNDICION;705047;542897;257498;11657
;01-07-2002;2;251;CATODOS COMERCIALES A EXPO.;0;0;0;0
;01-07-2002;2;252;CATODOS COMERCIALES DE EXPO.;0;0;0;0
;01-07-2002;2;255;CATODOS DESC. PARCIAL A RAF;146665;144346;571;15
;01-07-2002;2;257;CIRCULANTE N.E. A FUNDICION;0;0;0;0
;01-07-2002;2;258;CIRCULANTE CONVERSION A EMB.;0;0;0;0
;01-07-2002;2;260;AJUSTE AGENCIA (+);0;0;0;0
;01-07-2002;2;261;AJUSTE AGENCIA (-);0;0;0;0
;01-07-2002;2;262;AJUSTE AGENCIA (+);0;0;0;0
;01-07-2002;2;263;AJUSTE AGENCIA (-);0;0;0;0
;01-07-2002;2;264;RESIDUALES N.E.;0;0;0;0
;01-07-2002;2;265;RESIDUALES N.E. A FUNDICION;0;0;0;0
;01-07-2002;2;266;RESIDUALES N.E. A RAF;0;0;0;0
;01-07-2002;2;267;CONCENTRADO COBRE DISPUTADA;8308032;2476233;447825;3146
;01-07-2002;2;268;CONCENTRADO COBRE CIRC.CENIZAS;15549;5528;700;78
;01-07-2002;2;271;CONC.Cu CIRC.CENIZAS A FUNDIC.;778275;148805;90896;3444
;01-07-2002;2;274;CONC. COBRE PLANTAS A FUND.;0;0;0;0
;01-07-2002;2;275;CONC. COBRE DISPUTADA A FUND.;8243385;2430280;422531;3103
;01-07-2002;2;276;ANODOS TENIENTE COMPRA;0;0;0;0
;01-07-2002;2;277;ANODOS TENIENTE MAQUILA;10775890;10734434;1828143;17411
;01-07-2002;2;278;ANODOS MICHILLA;0;0;0;0
;01-07-2002;2;279;ANODOS TENIENTE A N.E.;10490269;10449941;1776337;16921
;01-07-2002;2;280;ANODOS TENIENTE RECHAZ. A EMB.;0;0;0;0
;01-07-2002;2;281;ANODOS TENIENTE A RAF;0;0;0;0
;01-07-2002;2;282;COBRE BAJO PISO A RAF;0;0;0;0
;01-07-2002;2;284;BLISTER DISPUTADA (ANODOS);0;0;0;0
;01-07-2002;2;285;CONC. COBRE CIRCUL. PANULCILLO;0;0;0;0
;01-07-2002;2;289;BLISTER C/F RESTO ANODO;0;0;0;0
;01-07-2002;2;290;BLISTER C/F RESTO ANODO A RAF;0;0;0;0
;01-07-2002;2;291;CIRC. EXTERNO A FUNDICION;0;0;0;0
;01-07-2002;2;292;CIRCULANTE CARBOMET EMBARQUE;0;0;0;0
;01-07-2002;2;294;AJUSTE AGENCIA (+);0;0;0;0
;01-07-2002;2;295;AJUSTE AGENCIA (-);0;0;0;0
;01-07-2002;2;296;CIRCUL. CARBOMET A RAF;0;0;0;0
;01-07-2002;2;297;AJUSTE AGENCIA (+);0;0;0;0
;01-07-2002;2;298;PRECIPITADO COBRE A EMBARQUE;0;0;0;0
;01-07-2002;2;299;AJUSTE AGENCIA (-);0;0;0;0
;01-07-2002;2;300;CONC. COBRE CIRC. A FUND.;0;0;0;0
;01-07-2002;2;301;PRECIPITADO CU V.C. A P. SULF.;63764;48275;0;0
;01-07-2002;2;302;MINERALES COBRE PANULCILLO;0;0;0;0
;01-07-2002;2;303;CONCENTRADO COBRE PLANTAS;0;0;0;0
;01-07-2002;2;304;ELECTROLITO A PLANTA SULFATO;1424000;75462;0;0
;01-07-2002;2;305;AJUSTE AGENCIA (+);0;0;0;0
;01-07-2002;2;306;AJUSTE AGENCIA (-);0;0;0;0
;01-07-2002;2;307;PRODUCCION SULFATO DE COBRE;125035;31032;0;0
;01-07-2002;2;308;PRODUCCION ARSENIATO FERRICO;99385;14729;0;0
;01-07-2002;2;309;GRANZAS A CIR. CONVERSION;0;0;0;0
;01-07-2002;2;310;CONCENTRADO COBRE PTA.VALLENAR;0;0;0;0
;01-07-2002;2;311;RIL;1109052;34;0;0
;01-07-2002;2;312;FUNDENTE CALCAREO A RAF;0;0;0;0
;01-07-2002;2;313;FUNDENTE SILICEO A RAF;0;0;0;0
;01-07-2002;2;314;CATODOS ELECTROWINING;76395;75802;0;0
;01-07-2002;2;315;SULFATO DE COBRE A EMBARQUE;84000;20798;0;0
;01-07-2002;2;316;EMBARQUE CATODOS ELECTROWINING;0;0;0;0
;01-07-2002;2;317;MINERALES ORO PANULCILLO;0;0;0;0
;01-07-2002;2;318;FUNDENTE CALCAREO A VARIOS;0;0;0;0
;01-07-2002;2;319;PRECIPITADO SIN REACCIONAR;3858;609;0;0
;01-07-2002;2;320;BLISTER DISPUTADA (PLACAS);0;0;0;0
;01-07-2002;2;321;HIDROXIDO DE NIQUEL;74679;7162;0;0
;01-07-2002;2;322;MINERALES ORO V.C. A FUND.;22544;334;3082;1619
;01-07-2002;2;323;HIDROXIDO DE NIQUEL A EMBARQUE;0;0;0;0
;01-07-2002;2;324;PRECIPITADO S/REACC.A FUNDICIO;0;0;0;0
;01-07-2002;2;325;AJUSTE (+);0;0;0;0
;01-07-2002;2;326;ESCORIA ANODICA SOLIDA A FUND;136831;69452;8740;169
;01-07-2002;2;327;AJUSTE (-);0;0;0;0
;01-07-2002;2;328;EMBARQUE MINERAL ORO V.C.;0;0;0;0
;01-07-2002;2;329;PRECIPITADO EMBARCADO;0;0;0;0
;01-07-2002;2;331;GRANZAS A RAF;0;0;0;0
;01-07-2002;2;340;CONCENTRADO ORO BRONCE;0;0;0;0
;01-07-2002;2;342;CONC. ORO BRONCE A FUND.;0;0;0;0
;01-07-2002;2;350;CASCARON ESCORIA A BOTADERO;0;0;0;0
;01-07-2002;2;361;RESIDUALES DE PMN;5396;26;160205;1619
;01-07-2002;2;376;RESIDUAL PMN A FUNDICION;0;0;0;0
;01-07-2002;2;378;RESIDUAL PMN A RAF;5396;26;160205;1619
;01-07-2002;2;383;CONCENTRADO COBRE ESCONDIDA;0;0;0;0
;01-07-2002;2;392;CONC. COBRE V.C. A FUND.;2323155;606862;413093;6612
;01-07-2002;2;393;CONC.V.C.A CENIZAS;0;0;0;0
;01-07-2002;2;395;CONC. COBRE ESCONDIDA A FUND.;0;0;0;0
;01-07-2002;2;397;ANODOS CORRIENTES A CODELCO;0;0;0;0
;01-07-2002;2;399;ANODOS CORRIENTE DE EXPOSICION;0;0;0;0
;01-07-2002;2;400;ANODOS CORRIENTES A EXPO.;0;0;0;0
;01-07-2002;2;401;COBRE EN ELECTROLITO A N.E.;20993;15697;0;0
;01-07-2002;2;402;ANODOS CTE. RECHAZADOS A RAF;365942;364509;94799;2969
;01-07-2002;2;403;ANODOS CTE. RECHAZ.PRESTAMO;0;0;0;0
;01-07-2002;2;404;ANODOS H.M. RECHAZADOS A RAF;215471;214584;57116;1842
;01-07-2002;2;405;ANODOS HOJAS MADRE EMBARQUE;0;0;0;0
;01-07-2002;2;406;RESTOS ANODOS CORRIENTE A RAF;3563057;3550253;993874;33959
;01-07-2002;2;407;RESTOS ANODOS HVL A EMBARQUE;0;0;0;0
;01-07-2002;2;408;RESTOS ANODOS H.M. A RAF;81318;78705;23884;1278
;01-07-2002;2;412;RESTOS ANODOS H.M.A N.E.;716968;714557;206049;8400
;01-07-2002;2;418;DESPUNTES/LAMINAS A FAENA;0;0;0;0
;01-07-2002;2;419;DESPUNTES/LAMINAS A EXPO.;0;0;0;0
;01-07-2002;2;420;AJUSTE AGENCIA (-);0;0;0;0
;01-07-2002;2;423;DESPUNTES/LAMINAS DE EXPO.;0;0;0;0
;01-07-2002;2;430;AJUSTE PRODUCCION (-);0;0;0;0
;01-07-2002;2;431;AJUSTE PRODUCCION (+);0;0;0;0
;01-07-2002;2;432;AJUSTE PRODUCCION (-);0;0;0;0
;01-07-2002;2;433;AJUSTE PRODUCCION (+);0;0;0;0
;01-07-2002;2;434;AJUSTE AGENCIA (+);0;0;0;0
;01-07-2002;2;435;AJUSTE AGENCIA (-);0;0;0;0
;01-07-2002;2;436;AJUSTE AGENCIA (+);0;0;0;0
;01-07-2002;2;437;AJUSTE AGENCIA (-);0;0;0;0
;01-07-2002;2;438;AJUSTE AGENCIA (+);0;0;0;0
;01-07-2002;2;439;AJUSTE AGENCIA (-);0;0;0;0
;01-07-2002;2;440;AJUSTE AGENCIA (+);0;0;0;0
;01-07-2002;2;441;AJUSTE AGENCIA (-);0;0;0;0
;01-07-2002;2;442;BARRIDO RAF;0;0;0;0
;01-07-2002;2;443;AJUSTE AGENCIA (+);0;0;0;0
;01-07-2002;2;444;AJUSTE AGENCIA (+);0;0;0;0
;01-07-2002;2;445;AJUSTE AGENCIA (-);0;0;0;0
;01-07-2002;2;446;AJUSTE AGENCIA (+);0;0;0;0
;01-07-2002;2;447;AJUSTE AGENCIA (-);0;0;0;0
;01-07-2002;2;448;AJUSTE AGENCIA (+);0;0;0;0
;01-07-2002;2;449;AJUSTE AGENCIA (+);0;0;0;0
;01-07-2002;2;450;AJUSTE AGENCIA (-);0;0;0;0
;01-07-2002;2;451;AJUSTE AGENCIA (-);0;0;0;0
;01-07-2002;2;452;AJUSTE AGENCIA (+);0;0;0;0
;01-07-2002;2;453;AJUSTE AGENCIA (-);0;0;0;0
;01-07-2002;2;454;AJUSTE AGENCIA (+);0;0;0;0
;01-07-2002;2;455;AJUSTE AGENCIA (-);0;0;0;0
;01-07-2002;2;456;AJUSTE AGENCIA (+);0;0;0;0
;01-07-2002;2;457;AJUSTE AGENCIA (-);0;0;0;0
;01-07-2002;2;458;AJUSTE AGENCIA (+);0;0;0;0
;01-07-2002;2;459;AJUSTE AGENCIA (-);0;0;0;0
;01-07-2002;2;460;AJUSTE AGENCIA (+);0;0;0;0
;01-07-2002;2;461;AJUSTE AGENCIA (-);0;0;0;0
;01-07-2002;2;462;AJUSTE AGENCIA (-);0;0;0;0
;01-07-2002;2;463;AJUSTE AGENCIA (-);0;0;0;0
;01-07-2002;2;464;AJUSTE AGENCIA (+);0;0;0;0
;01-07-2002;2;465;AJUSTE AGENCIA (+);0;0;0;0
;01-07-2002;2;466;AJUSTE AGENCIA (+);1000;0;0;0
;01-07-2002;2;467;AJUSTE AGENCIA (-);1000;7;329;0
;01-07-2002;2;468;AJUSTE AGENCIA (+);0;0;0;0
;01-07-2002;2;469;AJUSTE AGENCIA (+);0;0;0;0
;01-07-2002;2;470;AJUSTE AGENCIA (-);0;0;0;0
;01-07-2002;2;471;AJUSTE AGENCIA (+);0;0;0;0
;01-07-2002;2;472;AJUSTE AGENCIA (-);0;0;0;0
;01-07-2002;2;473;AJUSTE AGENCIA (+);0;0;0;0
;01-07-2002;2;474;AJUSTE AGENCIA (-);0;0;0;0
;01-07-2002;2;475;AJUSTE AGENCIA (+);0;0;0;0
;01-07-2002;2;476;AJUSTE AGENCIA (+);0;0;0;0
;01-07-2002;2;477;AJUSTE AGENCIA (+);0;0;0;0
;01-07-2002;2;478;AJUSTE AGENCIA (-);0;0;0;0
;01-07-2002;2;479;AJUSTE AGENCIA (+);0;0;0;0
;01-07-2002;2;480;AJUSTE AGENCIA (-);0;0;0;0
;01-07-2002;2;481;AJUSTE AGENCIA (-);3091;3091;0;0
;01-07-2002;2;482;AJUSTE AGENCIA (-);0;0;0;0
;01-07-2002;2;483;AJUSTE INVENTARIO (-);0;0;0;0
;01-07-2002;2;484;AJUSTE AGENCIA (-);0;0;0;0
;01-07-2002;2;485;AJUSTE INVENTARIO (+);0;0;0;0
;01-07-2002;2;486;AJUSTE INVENTARIO (-);0;0;0;0
;01-07-2002;2;487;AJUSTE AGENCIA (+);0;0;0;0
;01-07-2002;2;488;AJUSTE AGENCIA (-);0;0;0;0
;01-07-2002;2;489;AJUSTE INVENTARIO;0;0;0;0
;01-07-2002;2;490;AJUSTE FINOS (-);0;0;0;0
;01-07-2002;2;491;AJUSTE INVENTARIO;0;0;0;0
;01-07-2002;2;492;AJUSTE INVENTARIO;0;0;0;0
;01-07-2002;2;493;AJUSTE BARRO ANODOCO CRUDO;0;0;0;0
;01-07-2002;2;494;AJUSTE INVENTARIO;0;0;0;0
;01-07-2002;2;495;ANODOS ESPEC. H.V.L. A  N.E.;0;0;0;0
;01-07-2002;2;496;REG. EMB. CASC. ESC. BOTADERO;0;0;0;0
;01-07-2002;2;497;ANODOS CORRIENTES H.V.L.A N.E.;3030312;3019145;817421;91736
;01-07-2002;2;498;REG. EMB. CASC. ESC. BOTADERO;0;0;0;0
;01-07-2002;2;499;AJUSTE PRODUCCION (+);0;0;0;0
;01-07-2002;2;500;AJUSTE PRODUCCION (-);215410;0;0;0
;01-07-2002;3;1;PRECIPITADOS COBRE V.CLIENTES;3143837;2396837;0;0
;01-07-2002;3;2;CONCENTRADO COBRE PLANTAS ENM;0;0;0;0
;01-07-2002;3;3;CONCENTRADO COBRE V.CLIENTES;604736;159030;117849;929
;01-07-2002;3;4;CONCENTRADO COBRE ESCONDIDA;0;0;0;0
;01-07-2002;3;5;CONCENTRADO COBRE DISPUTADA;5899130;1758253;317979;2234
;01-07-2002;3;6;CONCENTRADO COBRE PELAMBRE;0;0;0;0
;01-07-2002;3;8;CONCENTRADO COBRE ANDINA MAQ.;4698447;1383839;346118;2499
;01-07-2002;3;10;CONC. COBRE CIRC. CENIZAS;15549;5528;700;78
;01-07-2002;3;12;CONCENTRADO COBRE TERCEROS;1059321;305281;55884;0
;01-07-2002;3;13;CONCENTRADO COBRE CENIZAS;920344;244895;23816;3966
;01-07-2002;3;14;CONCENTRADO ORO EL BRONCE;0;0;0;0
;01-07-2002;3;15;CONCENTRADO ORO V.CLIENTES;56697;3200;10107;3655
;01-07-2002;3;16;CONCENTRADOS PLATA V.CLIENTES;0;0;0;0
;01-07-2002;3;18;MINERALES COBRE V.CLIENTES;0;0;0;0
;01-07-2002;3;19;MINERALES ORO V.CLIENTES;0;0;0;0
;01-07-2002;3;20;MINERALES PLATA V.CLIENTES;0;0;0;0
;01-07-2002;3;22;FUNDENTES CALCAREOS;173126;0;0;0
;01-07-2002;3;23;FUNDENTES SILICEOS;1310202;0;0;0
;01-07-2002;3;25;RESIDUALES P. METALES NOBLES;0;0;0;0
;01-07-2002;3;26;FUNDICION;3279523;1080460;331202;15012
;01-07-2002;3;27;POLVOS CALDERA;0;0;0;0
;01-07-2002;3;28;POLVOS ELECTROFILTRO;10771;140;420;2
;01-07-2002;3;29;CIRCULANTE EXTERNO;0;0;0;0
;01-07-2002;3;30;CIRCULANTE FUSION H.REV;0;0;0;0
;01-07-2002;3;31;CIRCULANTE PANULCILLO;0;0;0;0
;01-07-2002;3;32;CASCARON ESCORIA BOTADERO;0;0;0;0
;01-07-2002;3;42;CIRCULANTE CONVERSION;37041549;11338984;2898685;15303
;01-07-2002;3;44;POLVOS CONVERTIDORES;211409;123983;35609;763
;01-07-2002;3;47;BLISTER REFIMET;0;0;0;0
;01-07-2002;3;48;BLISTER VARIOS;27130;8132;0;0
;01-07-2002;3;49;BLISTER HERNAN VIDELA LIRA;0;0;0;0
;01-07-2002;3;50;BLISTER CODELCO;15585;15577;0;0
;01-07-2002;3;51;BLISTER DISPUTADA;0;0;0;0
;01-07-2002;3;54;REFINO A FUEGO;348138;344511;105656;3778
;01-07-2002;3;56;ANODOS CORRIENTES VENTANAS;429630;428016;112897;3940
;01-07-2002;3;57;ANODOS HOJAS MADRES VENTANAS;431627;429983;108660;4102
;01-07-2002;3;58;ANODOS ESPECIALES VENTANAS;0;0;0;0
;01-07-2002;3;59;BLISTER C/FORMA RESTO ANODOS;0;0;0;0
;01-07-2002;3;61;MOLDES ANODOS RAF;273949;272948;75837;2816
;01-07-2002;3;62;RESIDUOS MOLDEO ANODOS;0;0;0;0
;01-07-2002;3;64;COBRE ANODICO CIRCULANTE;218970;205091;247965;10209
;01-07-2002;3;65;ESCORIA ANODICA RAF;1557688;788263;109522;2011
;01-07-2002;3;66;GRANZAS RAF;36877;10206;11381;213
;01-07-2002;3;67;ANODOS TENIENTE;322280;321001;57341;545
;01-07-2002;3;68;ANODOS CHAGRES;223674;223000;42432;272
;01-07-2002;3;73;ANODOS ESPECIALES H.V.L.;0;0;0;0
;01-07-2002;3;74;COBRE BAJO PISO;1526241;1437132;636402;31492
;01-07-2002;3;75;ANODOS CORRIENTES H. V. LIRA;1328;1323;371;37
;01-07-2002;3;76;REFINERIA ELECTROLITICA;15392242;15295995;4735046;161310
;01-07-2002;3;77;CATODOS COMERC. EN PREPARACION;0;0;0;0
;01-07-2002;3;78;CATODOS COMERCIALES APROBADOS;7265751;7265022;56077;143
;01-07-2002;3;79;CATODOS COMERCIALES STANDARD;611379;611319;4430;25
;01-07-2002;3;80;CATODOS DESCOBRIZACION NORMAL;309695;309668;2311;3
;01-07-2002;3;81;CATODOS DESCOBRIZACION PARCIAL;29512;29046;116;3
;01-07-2002;3;82;DESPUNTES Y LAMINAS;209417;209389;1466;4
;01-07-2002;3;83;COBRE ELECTROLITICO FAENAS ENM;1038655;1037969;0;0
;01-07-2002;3;84;RESTOS DE ANODOS N.E.;969256;965653;262005;11572
;01-07-2002;3;89;LODOS PROCESO ELECTROLITICO;215836;137933;3430;123
;01-07-2002;3;91;RESIDUALES N.E.;0;0;0;0
;01-07-2002;3;93;BARRO ANODICO;7805;2305;1793925;33836
;01-07-2002;3;94;BARRO COBRE TELURO;0;0;0;0
;01-07-2002;3;95;ACIDO SULFURICO;6227250;0;0;0
;01-07-2002;3;96;PURIFICACION ELECTROLITO;196663;26863;0;0
;01-07-2002;3;97;SULFATO DE COBRE;99953;24748;0;0
;01-07-2002;3;98;CATODOS ELECTROWINING;20147;19991;0;0
;01-07-2002;3;99;HIDROXIDO DE NIQUEL;1602650;135593;0;0
;01-07-2002;3;100;PRECIPITADO SIN REACCIONAR;422577;118996;0;0
