01-10-2002;2;2;MINERALES COBRE VARIOS CLIENTE;46358;7461;1818;1922
01-10-2002;2;3;CONCENTRADO COBRE V.CLIENTES;3316283;858398;564865;13297
01-10-2002;2;4;PRECIPITADO COBRE VARIOS CLIEN;639121;479442;0;0
01-10-2002;2;5;CONCENTRADO PLATA VARIOS CLIEN;0;0;0;0
01-10-2002;2;6;PRODUCCION DE ACIDO SULFURICO;29622600;0;0;0
01-10-2002;2;7;EMBARQUE ACIDO SULFURICO;42669960;0;0;0
01-10-2002;2;8;EMBARQUE ACIDO K-4;0;0;0;0
01-10-2002;2;9;FUNDENTES CALCAREOS;0;0;0;0
01-10-2002;2;10;PRESTAMO DISPUTADA/OXIQUIM;1854320;0;0;0
01-10-2002;2;11;MINERALES ORO VARIOS CLIENTES;6289;65;0;453
01-10-2002;2;12;MINERALES PLATA VARIOS CLIENTE;0;0;0;0
01-10-2002;2;13;DEVOLUCION DISPUTADA/OXIQUIM;0;0;0;0
01-10-2002;2;14;CONCENTRADO COBRE ANDINA MAQUI;18915197;5571184;1348703;10033
01-10-2002;2;15;FUNDENTES SILICEOS;3791820;0;0;0
01-10-2002;2;16;CONCENTRADO COBRE CENIZAS;3459981;888817;255874;17052
01-10-2002;2;19;CONC. COBRE CENIZAS A FUND.;3038762;790585;247911;15636
01-10-2002;2;22;POLVO ELECT. P. ACIDO;161654;14534;29784;147
01-10-2002;2;23;RESIDUO MOLDEO ANODOS RAF;0;0;0;0
01-10-2002;2;24;CARGA NUEVA UTIL A FUNDICION;33174348;9913524;2337640;77085
01-10-2002;2;25;FUNDENTE CALCAREO A FUND.;0;0;0;0
01-10-2002;2;26;POLVO CALDERA A FUNDICION;0;0;0;0
01-10-2002;2;27;POLVO CONVERTIDOR A FUNDICION;140566;87537;15565;306
01-10-2002;2;28;CIRCULANTES FUNDICION A FUND.;13237188;6238430;1196439;28960
01-10-2002;2;30;CIRCULANTE FUSION;0;0;0;0
01-10-2002;2;32;CIRCULANTE FUSION A FUNDICION;0;0;0;0
01-10-2002;2;36;CONCENTRADO ORO A EMBARQUE;0;0;0;0
01-10-2002;2;37;CONC. COBRE PELAMBRE A FUND.;1556014;619180;64004;1275
01-10-2002;2;40;BLISTER TOTAL;10537522;10408521;2478502;77674
01-10-2002;2;41;REFRACTARIOS Y REACTIVOS;515747;0;0;0
01-10-2002;2;44;CONCENTRADO COBRE PELAMBRE;1622914;683717;64751;769
01-10-2002;2;45;AJUSTE POR DIFERENCIA DE LEYES;0;0;0;0
01-10-2002;2;46;CATODOS DESC. NORMAL A EMB.;318835;318803;2510;7
01-10-2002;2;49;AJUSTE COBRE BAJO PISO;0;0;0;0
01-10-2002;2;50;COBRE BAJO PISO;0;0;0;0
01-10-2002;2;51;POLVOS CALDERA;0;0;0;0
01-10-2002;2;54;ESCORIA FUNDICION A BOTADERO;20931579;179414;131357;423
01-10-2002;2;65;FUNDENTE SILICEO A FUND.;2639652;0;0;0
01-10-2002;2;68;MINERALES PLATA V.C. A FUND.;0;0;0;0
01-10-2002;2;71;BLISTER REFIMET A RAF;0;0;0;0
01-10-2002;2;72;GRANZAS A FUNDICION;169883;46203;36911;1297
01-10-2002;2;73;CONCENTRADO ORO VARIOS CLIENTE;779076;36018;125412;37275
01-10-2002;2;74;BLISTER V.C. A RAF;326;248;6699;3993
01-10-2002;2;75;BARRO ANODICO CRUDO;51546;16056;5200796;129306
01-10-2002;2;76;BLISTER REFIMET;0;0;0;0
01-10-2002;2;77;BLISTER REFIMET A FUND.;0;0;0;0
01-10-2002;2;78;BLISTER V.C. A PLAMEN;0;0;0;0
01-10-2002;2;85;CIRCULANTE CPS/C.TTE;6926396;4512515;831036;28241
01-10-2002;2;86;POLVOS CPS/C.TTE;266723;172171;38759;708
01-10-2002;2;87;BLISTER VARIOS;377;251;9022;1775
01-10-2002;2;88;BLISTER V.C. A FUND.;0;0;0;0
01-10-2002;2;89;REFRACTARIOS Y REACTIVOS;2394943;0;0;0
01-10-2002;2;91;ANODOS CTE. RECHAZ.DEVOLUCION;0;0;0;0
01-10-2002;2;92;ANODOS CORRIENTES H.ANODOS;7946611;7917963;1477129;48915
01-10-2002;2;93;ANODOS CORRIENTE H.BASC.;6194800;6169763;1351024;39371
01-10-2002;2;94;MOLDES ANODOS RAF;112779;112350;24278;703
01-10-2002;2;95;ANODOS ESPECIALES H.ANODO;0;0;0;0
01-10-2002;2;96;COBRE ANODICO CIRCULANTE RAF;1632297;1508939;568343;30649
01-10-2002;2;97;ESCORIA ANODICA RAF;739936;382019;116425;5056
01-10-2002;2;98;PERDIDA METALURGICA RAF;9965;4868;517;53
01-10-2002;2;99;ANODOS ESPECIALES H.BASC.;0;0;0;0
01-10-2002;2;100;BLISTER H.VIDELA LIRA;0;0;0;0
01-10-2002;2;101;BLISTER TENIENTE _ CODELCO;1401419;1396708;198606;2175
01-10-2002;2;102;PRECIPITADOS COBRE V.C. A FUND;679983;514625;0;0
01-10-2002;2;103;RESIDUAL MOLDEO ANODOS A RAF;0;0;0;0
01-10-2002;2;104;BLISTER CODELCO CHUQUI;0;0;0;0
01-10-2002;2;105;ESCORIA ANODOCA A CU ANODICO;0;0;0;0
01-10-2002;2;106;AJUSTE DE FINOS (+);0;0;0;0
01-10-2002;2;107;AJUSTE DE FINOS (-);0;0;0;0
01-10-2002;2;109;MOLDES ANODOS A FUNDICION;0;0;0;0
01-10-2002;2;110;ESCORIA ANODICA A EMBARQUE;0;0;0;0
01-10-2002;2;111;CONCENTRADO COBRE V. CENTRAL;3458817;1002287;212453;0
01-10-2002;2;116;CARGA SOLIDA TERCERO A RAF;919587;916633;108848;5748
01-10-2002;2;118;MOLDES ANODOS A RAF;121131;120672;27869;894
01-10-2002;2;119;CONC. COBRE V.CENTRAL A FUND.;3046458;903166;165616;0
01-10-2002;2;120;COBRE ANODICO CIRCUL. A RAF;1358449;1269391;386391;22680
01-10-2002;2;121;CIRCULANTES RAF A RAF;2422666;2329481;642525;30212
01-10-2002;2;122;AJUSTE AGENCIA (+);0;0;0;0
01-10-2002;2;123;RESTOS ANODOS CORRI. HVL A RAF;576043;571433;140905;15108
01-10-2002;2;124;AJUSTE AGENCIA (-);0;0;0;0
01-10-2002;2;125;DESPUNTES Y LAMINAS A RAF;24636;24634;203;1
01-10-2002;2;126;CATODOS DESC. NORMAL A RAF;21373;21371;166;0
01-10-2002;2;127;CIRCULANTES N.E. A RAF;5185593;5159581;1100737;34961
01-10-2002;2;128;MOLDES DE ANODOS A EMBARQUE;0;0;0;0
01-10-2002;2;129;ANODO HOJAS MADRES H.ANODOS;1511671;1506126;323632;10046
01-10-2002;2;130;BLISTER H.VIDELA LIRA A RAF;0;0;0;0
01-10-2002;2;131;ANODO HOJAS MADRES H.BASC.;1179816;1175076;288107;7851
01-10-2002;2;132;OTROS PRODUCTOS H.V.L.;0;0;0;0
01-10-2002;2;133;RESTOS ANODOS ESPEC. HVL A RAF;0;0;0;0
01-10-2002;2;134;RESTOS ANODOS CHAGRES;760425;758043;140139;918
01-10-2002;2;135;AJUSTE BENEFICIO CAT. E.W.;0;0;0;0
01-10-2002;2;136;COBRE SUCIO H.VIDELA L. A RAF;0;0;0;0
01-10-2002;2;137;ANODOS CHAGRES;2649150;2641481;449289;597
01-10-2002;2;138;ANODOS ESPECIALES H.V.L.;0;0;0;0
01-10-2002;2;139;ESCORIA ANODICA LIQ A FUND.;517511;265292;44719;898
01-10-2002;2;140;PRECIPITADO COBRE V.C.A R.ELEC;0;0;0;0
01-10-2002;2;141;COBRE ANODICO CIRCUL. A FUND.;309682;273057;144675;6758
01-10-2002;2;142;ANODOS CORRIENTES H.V.L.;3571170;3557950;870173;88771
01-10-2002;2;143;ANODOS ESPECIALES A N.E.;0;0;0;0
01-10-2002;2;144;OTROS PRODUCTOS H.V.L. A FUND.;0;0;0;0
01-10-2002;2;145;ANODOS ESPEC. RECHAZADOS A RAF;0;0;0;0
01-10-2002;2;146;RESTOS ANODOS CHAGRES A RAF;678487;676352;118132;748
01-10-2002;2;147;PRECIPITADO COBRE V.C. A RAF;0;0;0;0
01-10-2002;2;148;ANODOS CORRIENTES A N.E.;13456672;13405632;2638910;81007
01-10-2002;2;149;ANODOS HOJAS MADRES A N.E.;2447878;2438517;551195;15214
01-10-2002;2;150;BLISTER H.V.L. A FUND.;0;0;0;0
01-10-2002;2;151;AJUSTE INVENTARIO (-);0;0;0;0
01-10-2002;2;152;CONC. CIRCULANTE EXTERNO;0;0;0;0
01-10-2002;2;153;RESTOS ANODOS TENIENTE A RAF;1485716;1478377;267388;2613
01-10-2002;2;154;RESTOS ANODOS CORRIENTES H.V.L;775712;767338;190638;19063
01-10-2002;2;155;RESTOS ANODOS H.M. VENTANAS;874886;871580;202741;5689
01-10-2002;2;156;RESTOS ANODOS TENIENTE;1768251;1758125;360814;3362
01-10-2002;2;157;LODOS PROCESO ELECTROLITICO;23548;14734;375;9
01-10-2002;2;158;BARROS COBRE TELURO;0;0;0;0
01-10-2002;2;159;RESTOS ANODOS CTE. VENTANAS;2814324;2798028;654054;18588
01-10-2002;2;160;CATODOS DESCOBRIZACION PARCIAL;65592;64982;164;7
01-10-2002;2;161;CATODOS COMERCIALES TOTALES;27780668;27777890;234711;1675
01-10-2002;2;162;DESPUNTES Y LAMINAS;243009;242985;2044;12
01-10-2002;2;163;CATODOS DESCOBRIZACION NORMAL;130768;130755;1139;6
01-10-2002;2;164;LODOS PROC. ELEC. A EMBARQUE;250210;159718;3847;136
01-10-2002;2;165;BARRO COBRE TELURO A FUNDICION;0;0;0;0
01-10-2002;2;166;BARRO ANODICO DESCOBR. A PMN;29051;694;4385823;95674
01-10-2002;2;167;CATODOS DESC. PARCIAL A EMB.;0;0;0;0
01-10-2002;2;168;BLISTER TENIENTE A EMBARQUE;0;0;0;0
01-10-2002;2;169;BLISTER TENIENTE A RAF;878487;875761;93978;1227
01-10-2002;2;170;ANODOS CORRIENTES H.V.L. A RAF;16456;16381;4238;507
01-10-2002;2;171;CATODOS COMERC.STANDARD A RAF;3752;3752;30;0
01-10-2002;2;172;ANODOS ESPEC. H.V.L. A RAF;0;0;0;0
01-10-2002;2;173;CONC. ORO V.C. A FUND.;755704;43716;133250;39401
01-10-2002;2;174;BARRO COBRE TELURO A EMBARQUE;0;0;0;0
01-10-2002;2;175;BARRO COBRE TELURO A B.CRUDO;0;0;0;0
01-10-2002;2;176;LODOS PROC. ELEC. A FUNDICION;0;0;0;0
01-10-2002;2;177;CAT. INICIALES A PURIF.ELECTRO;10164;10163;0;0
01-10-2002;2;178;CATODOS ELECTROWINING A RAF;52364;52070;0;0
01-10-2002;2;179;ANODOS CHAGRES A N.E.;2540410;2533167;426944;562
01-10-2002;2;180;ANODOS CHAGRES A RAF;24318;24243;3933;21
01-10-2002;2;181;SULFATO DE COBRE A REPROCESO;2535;628;0;0
01-10-2002;2;185;CONCENTRADO ORO PTA.VALLENAR;0;0;0;0
01-10-2002;2;188;AZUFRE EN ACIDO;9033751;0;0;0
01-10-2002;2;189;PERDIDA METALURGICA FUNDICION;1507516;2709;10286;1393
01-10-2002;2;190;RESTOS ANODOS ESPEC. VENTANAS;0;0;0;0
01-10-2002;2;191;RESTOS ANODOS ESPEC. A RAF;0;0;0;0
01-10-2002;2;193;CONCENTRADO PLATA PANULCILLO;0;0;0;0
01-10-2002;2;195;POLVO CALDERA A EMBARQUE;0;0;0;0
01-10-2002;2;196;CATODOS COMERCIALES APROBADOS;27390736;27387997;231519;1652
01-10-2002;2;197;CIRCULANTE FUSION A EMBARQUE;0;0;0;0
01-10-2002;2;198;BLISTER DISPUTADA PROPIO;0;0;0;0
01-10-2002;2;199;MOLDES Y PLACAS VARIOS;0;0;0;0
01-10-2002;2;200;BLISTER DISPUTADA A RAF;0;0;0;0
01-10-2002;2;202;CATODOS PTA. VALLENAR;0;0;0;0
01-10-2002;2;203;POLVOS ELECTROFILTRO;52350;4394;10805;11
01-10-2002;2;204;POLVO ELECTRO. A EMBARQUE;0;0;0;0
01-10-2002;2;205;CONC. COBRE CENIZAS A EMBARQUE;0;0;0;0
01-10-2002;2;206;CON.COBRE V. CENTRAL EMBARQUE;0;0;0;0
01-10-2002;2;207;CONC.COBRE DISPUTADA EMBARQUE;0;0;0;0
01-10-2002;2;208;CONC.COBRE V.ENAMI A EMBARQUE;0;0;0;0
01-10-2002;2;210;POLVO ELECTROFILTRO A FUND.;60126;5008;12251;13
01-10-2002;2;211;CATODOS H.V.L. Y OTRAS FAENAS;381741;381349;0;0
01-10-2002;2;212;MINERALES DE COBRE A EMBARQUE;0;0;0;0
01-10-2002;2;213;CONC. COBRE ANDINA A EMBARQUE;0;0;0;0
01-10-2002;2;214;CATODOS COMERCIALES STANDARD;389932;389893;3192;23
01-10-2002;2;215;CAT. COMERC.STANDARD A DESC.;0;0;0;0
01-10-2002;2;216;CATODOS COMERC.STANDARD A EMB.;449603;449558;3622;5
01-10-2002;2;217;CATODOS COMERC. APROB. A EMB.;25408446;25405905;211084;1044
01-10-2002;2;218;CATODOS DESC.NORMAL A CAT/STND;0;0;0;0
01-10-2002;2;219;DESPUNTES/LAMINAS A EMBARQUE;236509;236485;1911;5
01-10-2002;2;220;ACIDO A N.E. Y OTROS;1290317;0;0;0
01-10-2002;2;221;MINERALES COBRE V.C. A FUND.;51305;8652;7459;2151
01-10-2002;2;222;CIRCULANTE CONVERSION A FUND.;13036496;6145885;1168623;28641
01-10-2002;2;223;CONC. COBRE ANDINA MAQ A FUND.;13971403;4086442;996994;7629
01-10-2002;2;224;LAMINAS/DESPUNTES PTA.VALLENAR;0;0;0;0
01-10-2002;2;225;LAMINAS/DESPUNTES H.VIDELA L.;0;0;0;0
01-10-2002;2;226;ESCORIA CPS/C.TTE BAJO CUCHARA;3273450;1575319;413480;9885
01-10-2002;2;227;CATODOS COMERCIALES A STANDARD;0;0;0;0
01-10-2002;2;228;ELECTROL/SOL. ACIDA EMB.;51906;51906;0;0
01-10-2002;2;229;DEVOLUCION EXTERNO C. STANDARD;0;0;0;0
01-10-2002;2;230;CAT. STANDARD A CAT. COM. APRO;0;0;0;0
01-10-2002;2;233;CONCENTRADO PLATA A PMN;0;0;0;0
01-10-2002;2;234;CASC. ESC. BOTADERO A PANUL.;0;0;0;0
01-10-2002;2;235;DESPUNTES Y LAMINAS A N.E.;3361;3361;28;0
01-10-2002;2;236;CASC. ESC. BOTADERO A EMBARQUE;0;0;0;0
01-10-2002;2;238;CATODOS FAENA A RAF;0;0;0;0
01-10-2002;2;239;CATODOS FAENA A EMBARQUE;107361;107282;0;0
01-10-2002;2;240;CASCARON ESCORIA A FUNDICION;0;0;0;0
01-10-2002;2;242;CONCENTRADO ORO PANULCILLO;0;0;0;0
01-10-2002;2;244;CONCENTRADO COBRE PANULCILLO;0;0;0;0
01-10-2002;2;246;PRECIPITADO COBRE PANULCILLO;0;0;0;0
01-10-2002;2;247;CONC. PLATA V.C. A FUND.;0;0;0;0
01-10-2002;2;249;CIRCULANTE RAF A FUNDICION;717242;440964;202297;8508
01-10-2002;2;251;CATODOS COMERCIALES A EXPO.;0;0;0;0
01-10-2002;2;252;CATODOS COMERCIALES DE EXPO.;0;0;0;0
01-10-2002;2;255;CATODOS DESC. PARCIAL A RAF;47703;47140;224;6
01-10-2002;2;257;CIRCULANTE N.E. A FUNDICION;0;0;0;0
01-10-2002;2;258;CIRCULANTE CONVERSION A EMB.;0;0;0;0
01-10-2002;2;260;AJUSTE AGENCIA (+);0;0;0;0
01-10-2002;2;261;AJUSTE AGENCIA (-);0;0;0;0
01-10-2002;2;262;AJUSTE AGENCIA (+);0;0;0;0
01-10-2002;2;263;AJUSTE AGENCIA (-);0;0;0;0
01-10-2002;2;264;RESIDUALES N.E.;0;0;0;0
01-10-2002;2;265;RESIDUALES N.E. A FUNDICION;0;0;0;0
01-10-2002;2;266;RESIDUALES N.E. A RAF;0;0;0;0
01-10-2002;2;267;CONCENTRADO COBRE DISPUTADA;13796850;4142350;713719;3540
01-10-2002;2;268;CONCENTRADO COBRE CIRC.CENIZAS;0;0;0;0
01-10-2002;2;271;CONC.Cu CIRC.CENIZAS A FUNDIC.;0;0;0;0
01-10-2002;2;274;CONC. COBRE PLANTAS A FUND.;0;0;0;0
01-10-2002;2;275;CONC. COBRE DISPUTADA A FUND.;8238325;2466086;410677;2786
01-10-2002;2;276;ANODOS TENIENTE COMPRA;0;0;0;0
01-10-2002;2;277;ANODOS TENIENTE MAQUILA;11273490;11233429;1851704;17622
01-10-2002;2;278;ANODOS MICHILLA;0;0;0;0
01-10-2002;2;279;ANODOS TENIENTE A N.E.;11953798;11910889;1957851;18641
01-10-2002;2;280;ANODOS TENIENTE RECHAZ. A EMB.;0;0;0;0
01-10-2002;2;281;ANODOS TENIENTE A RAF;0;0;0;0
01-10-2002;2;282;COBRE BAJO PISO A RAF;0;0;0;0
01-10-2002;2;284;BLISTER DISPUTADA (ANODOS);0;0;0;0
01-10-2002;2;285;CONC. COBRE CIRCUL. PANULCILLO;0;0;0;0
01-10-2002;2;289;BLISTER C/F RESTO ANODO;0;0;0;0
01-10-2002;2;290;BLISTER C/F RESTO ANODO A RAF;0;0;0;0
01-10-2002;2;291;CIRC. EXTERNO A FUNDICION;0;0;0;0
01-10-2002;2;292;CIRCULANTE CARBOMET EMBARQUE;0;0;0;0
01-10-2002;2;294;AJUSTE AGENCIA (+);0;0;0;0
01-10-2002;2;295;AJUSTE AGENCIA (-);0;0;0;0
01-10-2002;2;296;CIRCUL. CARBOMET A RAF;0;0;0;0
01-10-2002;2;297;AJUSTE AGENCIA (+);0;0;0;0
01-10-2002;2;298;PRECIPITADO COBRE A EMBARQUE;0;0;0;0
01-10-2002;2;299;AJUSTE AGENCIA (-);0;0;0;0
01-10-2002;2;300;CONC. COBRE CIRC. A FUND.;0;0;0;0
01-10-2002;2;301;PRECIPITADO CU V.C. A P. SULF.;59473;45637;0;0
01-10-2002;2;302;MINERALES COBRE PANULCILLO;0;0;0;0
01-10-2002;2;303;CONCENTRADO COBRE PLANTAS;0;0;0;0
01-10-2002;2;304;ELECTROLITO A PLANTA SULFATO;1400719;72139;0;0
01-10-2002;2;305;AJUSTE AGENCIA (+);0;0;0;0
01-10-2002;2;306;AJUSTE AGENCIA (-);0;0;0;0
01-10-2002;2;307;PRODUCCION SULFATO DE COBRE;141904;35185;0;0
01-10-2002;2;308;PRODUCCION ARSENIATO FERRICO;75464;10069;0;0
01-10-2002;2;309;GRANZAS A CIR. CONVERSION;0;0;0;0
01-10-2002;2;310;CONCENTRADO COBRE PTA.VALLENAR;0;0;0;0
01-10-2002;2;311;RIL;1156916;51;0;0
01-10-2002;2;312;FUNDENTE CALCAREO A RAF;41354;0;0;0
01-10-2002;2;313;FUNDENTE SILICEO A RAF;0;0;0;0
01-10-2002;2;314;CATODOS ELECTROWINING;69818;69426;0;0
01-10-2002;2;315;SULFATO DE COBRE A EMBARQUE;88277;21881;0;0
01-10-2002;2;316;EMBARQUE CATODOS ELECTROWINING;0;0;0;0
01-10-2002;2;317;MINERALES ORO PANULCILLO;0;0;0;0
01-10-2002;2;318;FUNDENTE CALCAREO A VARIOS;0;0;0;0
01-10-2002;2;319;PRECIPITADO SIN REACCIONAR;5355;999;0;0
01-10-2002;2;320;BLISTER DISPUTADA (PLACAS);0;0;0;0
01-10-2002;2;321;HIDROXIDO DE NIQUEL;64480;5299;0;0
01-10-2002;2;322;MINERALES ORO V.C. A FUND.;4970;0;0;885
01-10-2002;2;323;HIDROXIDO DE NIQUEL A EMBARQUE;0;0;0;0
01-10-2002;2;324;PRECIPITADO S/REACC.A FUNDICIO;0;0;0;0
01-10-2002;2;325;AJUSTE (+);0;0;0;0
01-10-2002;2;326;ESCORIA ANODICA SOLIDA A FUND;237677;121704;20711;453
01-10-2002;2;327;AJUSTE (-);0;0;0;0
01-10-2002;2;328;EMBARQUE MINERAL ORO V.C.;0;0;0;0
01-10-2002;2;329;PRECIPITADO EMBARCADO;0;0;0;0
01-10-2002;2;331;GRANZAS A RAF;0;0;0;0
01-10-2002;2;340;CONCENTRADO ORO BRONCE;0;0;0;0
01-10-2002;2;342;CONC. ORO BRONCE A FUND.;0;0;0;0
01-10-2002;2;350;CASCARON ESCORIA A BOTADERO;0;0;0;0
01-10-2002;2;361;RESIDUALES DE PMN;1899;66;196784;5545
01-10-2002;2;376;RESIDUAL PMN A FUNDICION;1899;66;196784;5545
01-10-2002;2;378;RESIDUAL PMN A RAF;0;0;0;0
01-10-2002;2;383;CONCENTRADO COBRE ESCONDIDA;0;0;0;0
01-10-2002;2;392;CONC. COBRE V.C. A FUND.;1831424;481072;311729;7322
01-10-2002;2;393;CONC.V.C.A CENIZAS;0;0;0;0
01-10-2002;2;395;CONC. COBRE ESCONDIDA A FUND.;0;0;0;0
01-10-2002;2;397;ANODOS CORRIENTES A CODELCO;0;0;0;0
01-10-2002;2;399;ANODOS CORRIENTE DE EXPOSICION;0;0;0;0
01-10-2002;2;400;ANODOS CORRIENTES A EXPO.;0;0;0;0
01-10-2002;2;401;COBRE EN ELECTROLITO A N.E.;16872;13994;0;0
01-10-2002;2;402;ANODOS CTE. RECHAZADOS A RAF;784231;781189;191014;5665
01-10-2002;2;403;ANODOS CTE. RECHAZ.PRESTAMO;0;0;0;0
01-10-2002;2;404;ANODOS H.M. RECHAZADOS A RAF;158855;158229;37251;973
01-10-2002;2;405;ANODOS HOJAS MADRE EMBARQUE;0;0;0;0
01-10-2002;2;406;RESTOS ANODOS CORRIENTE A RAF;2347883;2336522;573689;16485
01-10-2002;2;407;RESTOS ANODOS HVL A EMBARQUE;0;0;0;0
01-10-2002;2;408;RESTOS ANODOS H.M. A RAF;0;0;0;0
01-10-2002;2;412;RESTOS ANODOS H.M.A N.E.;916147;912660;196847;4420
01-10-2002;2;418;DESPUNTES/LAMINAS A FAENA;0;0;0;0
01-10-2002;2;419;DESPUNTES/LAMINAS A EXPO.;0;0;0;0
01-10-2002;2;420;AJUSTE AGENCIA (-);0;0;0;0
01-10-2002;2;423;DESPUNTES/LAMINAS DE EXPO.;0;0;0;0
01-10-2002;2;430;AJUSTE PRODUCCION (-);0;0;0;0
01-10-2002;2;431;AJUSTE PRODUCCION (+);0;0;0;0
01-10-2002;2;432;AJUSTE PRODUCCION (-);0;0;0;0
01-10-2002;2;433;AJUSTE PRODUCCION (+);0;0;0;0
01-10-2002;2;434;AJUSTE AGENCIA (+);0;0;0;0
01-10-2002;2;435;AJUSTE AGENCIA (-);0;0;0;0
01-10-2002;2;436;AJUSTE AGENCIA (+);0;0;0;0
01-10-2002;2;437;AJUSTE AGENCIA (-);0;0;0;0
01-10-2002;2;438;AJUSTE AGENCIA (+);0;0;0;0
01-10-2002;2;439;AJUSTE AGENCIA (-);0;0;0;0
01-10-2002;2;440;AJUSTE AGENCIA (+);0;0;0;0
01-10-2002;2;441;AJUSTE AGENCIA (-);0;0;0;0
01-10-2002;2;442;BARRIDO RAF;300102;43179;83556;2631
01-10-2002;2;443;AJUSTE AGENCIA (+);0;0;0;0
01-10-2002;2;444;AJUSTE AGENCIA (+);0;0;0;0
01-10-2002;2;445;AJUSTE AGENCIA (-);0;0;0;0
01-10-2002;2;446;AJUSTE AGENCIA (+);0;0;0;0
01-10-2002;2;447;AJUSTE AGENCIA (-);0;0;0;0
01-10-2002;2;448;AJUSTE AGENCIA (+);0;0;0;0
01-10-2002;2;449;AJUSTE AGENCIA (+);0;0;0;0
01-10-2002;2;450;AJUSTE AGENCIA (-);0;0;0;0
01-10-2002;2;451;AJUSTE AGENCIA (-);0;0;0;0
01-10-2002;2;452;AJUSTE AGENCIA (+);0;0;0;0
01-10-2002;2;453;AJUSTE AGENCIA (-);0;0;0;0
01-10-2002;2;454;AJUSTE AGENCIA (+);0;0;0;0
01-10-2002;2;455;AJUSTE AGENCIA (-);0;0;0;0
01-10-2002;2;456;AJUSTE AGENCIA (+);0;0;0;0
01-10-2002;2;457;AJUSTE AGENCIA (-);0;0;0;0
01-10-2002;2;458;AJUSTE AGENCIA (+);0;0;0;0
01-10-2002;2;459;AJUSTE AGENCIA (-);0;0;0;0
01-10-2002;2;460;AJUSTE AGENCIA (+);0;0;0;0
01-10-2002;2;461;AJUSTE AGENCIA (-);0;0;0;0
01-10-2002;2;462;AJUSTE AGENCIA (-);0;0;0;0
01-10-2002;2;463;AJUSTE AGENCIA (-);0;0;0;0
01-10-2002;2;464;AJUSTE AGENCIA (+);0;0;0;0
01-10-2002;2;465;AJUSTE AGENCIA (+);0;0;0;0
01-10-2002;2;466;AJUSTE AGENCIA (+);0;0;0;0
01-10-2002;2;467;AJUSTE AGENCIA (-);0;0;0;0
01-10-2002;2;468;AJUSTE AGENCIA (+);0;0;0;0
01-10-2002;2;469;AJUSTE AGENCIA (+);0;0;0;0
01-10-2002;2;470;AJUSTE AGENCIA (-);0;0;0;0
01-10-2002;2;471;AJUSTE AGENCIA (+);0;0;0;0
01-10-2002;2;472;AJUSTE AGENCIA (-);0;0;0;0
01-10-2002;2;473;AJUSTE AGENCIA (+);0;0;0;0
01-10-2002;2;474;AJUSTE AGENCIA (-);0;0;0;0
01-10-2002;2;475;AJUSTE AGENCIA (+);0;0;0;0
01-10-2002;2;476;AJUSTE AGENCIA (+);0;0;0;0
01-10-2002;2;477;AJUSTE AGENCIA (+);0;0;0;0
01-10-2002;2;478;AJUSTE AGENCIA (-);0;0;0;0
01-10-2002;2;479;AJUSTE AGENCIA (+);0;0;0;0
01-10-2002;2;480;AJUSTE AGENCIA (-);0;0;0;0
01-10-2002;2;481;AJUSTE AGENCIA (-);0;0;0;0
01-10-2002;2;482;AJUSTE AGENCIA (-);0;0;0;0
01-10-2002;2;483;AJUSTE INVENTARIO (-);0;0;0;0
01-10-2002;2;484;AJUSTE AGENCIA (-);0;0;0;0
01-10-2002;2;485;AJUSTE INVENTARIO (+);0;0;0;0
01-10-2002;2;486;AJUSTE INVENTARIO (-);0;0;0;0
01-10-2002;2;487;AJUSTE AGENCIA (+);0;0;0;0
01-10-2002;2;488;AJUSTE AGENCIA (-);0;0;0;0
01-10-2002;2;489;AJUSTE INVENTARIO;0;0;0;0
01-10-2002;2;490;AJUSTE FINOS (-);0;0;0;0
01-10-2002;2;491;AJUSTE INVENTARIO;0;0;0;0
01-10-2002;2;492;AJUSTE INVENTARIO;0;0;0;0
01-10-2002;2;493;AJUSTE BARRO ANODOCO CRUDO;0;0;0;0
01-10-2002;2;494;AJUSTE INVENTARIO;0;0;0;0
01-10-2002;2;495;ANODOS ESPEC. H.V.L. A  N.E.;0;0;0;0
01-10-2002;2;496;REG. EMB. CASC. ESC. BOTADERO;0;0;0;0
01-10-2002;2;497;ANODOS CORRIENTES H.V.L.A N.E.;4050584;4035674;1003108;97540
01-10-2002;2;498;REG. EMB. CASC. ESC. BOTADERO;0;0;0;0
01-10-2002;2;499;AJUSTE PRODUCCION (+);124290;0;0;0
01-10-2002;2;500;AJUSTE PRODUCCION (-);0;0;0;0
01-10-2002;3;1;PRECIPITADOS COBRE V.CLIENTES;968905;733382;0;0
01-10-2002;3;2;CONCENTRADO COBRE PLANTAS ENM;0;0;0;0
01-10-2002;3;3;CONCENTRADO COBRE V.CLIENTES;2538653;657491;432588;10369
01-10-2002;3;4;CONCENTRADO COBRE ESCONDIDA;0;0;0;0
01-10-2002;3;5;CONCENTRADO COBRE DISPUTADA;10088733;3027834;519387;2697
01-10-2002;3;6;CONCENTRADO COBRE PELAMBRE;2847219;1158101;115787;1961
01-10-2002;3;8;CONCENTRADO COBRE ANDINA MAQ.;8946480;2635050;637907;4745
01-10-2002;3;10;CONC. COBRE CIRC. CENIZAS;0;0;0;0
01-10-2002;3;12;CONCENTRADO COBRE TERCEROS;2666199;772604;163768;0
01-10-2002;3;13;CONCENTRADO COBRE CENIZAS;2494545;639682;184788;12280
01-10-2002;3;14;CONCENTRADO ORO EL BRONCE;0;0;0;0
01-10-2002;3;15;CONCENTRADO ORO V.CLIENTES;474587;25128;84150;24175
01-10-2002;3;16;CONCENTRADOS PLATA V.CLIENTES;0;0;0;0
01-10-2002;3;18;MINERALES COBRE V.CLIENTES;12312;1974;435;520
01-10-2002;3;19;MINERALES ORO V.CLIENTES;6289;65;0;453
01-10-2002;3;20;MINERALES PLATA V.CLIENTES;0;0;0;0
01-10-2002;3;22;FUNDENTES CALCAREOS;123953;0;0;0
01-10-2002;3;23;FUNDENTES SILICEOS;2273435;0;0;0
01-10-2002;3;25;RESIDUALES P. METALES NOBLES;0;0;0;0
01-10-2002;3;26;FUNDICION;3006354;1005336;353501;13285
01-10-2002;3;27;POLVOS CALDERA;0;0;0;0
01-10-2002;3;28;POLVOS ELECTROFILTRO;10480;117;457;2
01-10-2002;3;29;CIRCULANTE EXTERNO;0;0;0;0
01-10-2002;3;30;CIRCULANTE FUSION H.REV;0;0;0;0
01-10-2002;3;31;CIRCULANTE PANULCILLO;0;0;0;0
01-10-2002;3;32;CASCARON ESCORIA BOTADERO;0;0;0;0
01-10-2002;3;42;CIRCULANTE CONVERSION;34331629;12840440;3468121;20608
01-10-2002;3;44;POLVOS CONVERTIDORES;227011;137856;36606;685
01-10-2002;3;47;BLISTER REFIMET;0;0;0;0
01-10-2002;3;48;BLISTER VARIOS;377;251;9022;1775
01-10-2002;3;49;BLISTER HERNAN VIDELA LIRA;0;0;0;0
01-10-2002;3;50;BLISTER CODELCO;564843;562829;104628;948
01-10-2002;3;51;BLISTER DISPUTADA;0;0;0;0
01-10-2002;3;54;REFINO A FUEGO;166856;164515;131866;4052
01-10-2002;3;56;ANODOS CORRIENTES VENTANAS;550170;547976;149267;4569
01-10-2002;3;57;ANODOS HOJAS MADRES VENTANAS;287468;286353;72587;2374
01-10-2002;3;58;ANODOS ESPECIALES VENTANAS;0;0;0;0
01-10-2002;3;59;BLISTER C/FORMA RESTO ANODOS;0;0;0;0
01-10-2002;3;61;MOLDES ANODOS RAF;278382;277325;68305;2171
01-10-2002;3;62;RESIDUOS MOLDEO ANODOS;0;0;0;0
01-10-2002;3;64;COBRE ANODICO CIRCULANTE;114314;105310;120955;3620
01-10-2002;3;65;ESCORIA ANODICA RAF;2055988;1268199;296378;6572
01-10-2002;3;66;GRANZAS RAF;215913;33163;59614;1663
01-10-2002;3;67;ANODOS TENIENTE;158617;158049;40336;278
01-10-2002;3;68;ANODOS CHAGRES;365337;364131;62509;304
01-10-2002;3;73;ANODOS ESPECIALES H.V.L.;0;0;0;0
01-10-2002;3;74;COBRE BAJO PISO;1526241;1437132;636402;31492
01-10-2002;3;75;ANODOS CORRIENTES H. V. LIRA;8688;8659;2128;235
01-10-2002;3;76;REFINERIA ELECTROLITICA;15479500;15355055;4842193;186296
01-10-2002;3;77;CATODOS COMERC. EN PREPARACION;0;0;0;0
01-10-2002;3;78;CATODOS COMERCIALES APROBADOS;10200088;10199066;90241;611
01-10-2002;3;79;CATODOS COMERCIALES STANDARD;575354;575297;4733;21
01-10-2002;3;80;CATODOS DESCOBRIZACION NORMAL;142285;142275;1243;13
01-10-2002;3;81;CATODOS DESCOBRIZACION PARCIAL;127431;125917;599;15
01-10-2002;3;82;DESPUNTES Y LAMINAS;272896;272861;2286;14
01-10-2002;3;83;COBRE ELECTROLITICO FAENAS ENM;868449;867810;0;0
01-10-2002;3;84;RESTOS DE ANODOS N.E.;1833181;1818276;428151;12296
01-10-2002;3;89;LODOS PROCESO ELECTROLITICO;21886;13673;349;8
01-10-2002;3;91;RESIDUALES N.E.;0;0;0;0
01-10-2002;3;93;BARRO ANODICO;18527;5771;2263521;79869
01-10-2002;3;94;BARRO COBRE TELURO;0;0;0;0
01-10-2002;3;95;ACIDO SULFURICO;2811750;0;0;0
01-10-2002;3;96;PURIFICACION ELECTROLITO;161872;26150;0;0
01-10-2002;3;97;SULFATO DE COBRE;132316;32796;0;0
01-10-2002;3;98;CATODOS ELECTROWINING;17454;17356;0;0
01-10-2002;3;99;HIDROXIDO DE NIQUEL;1817570;157918;0;0
01-10-2002;3;100;PRECIPITADO SIN REACCIONAR;443536;122633;0;0
