;01-12-2002;2;2;MINERALES COBRE VARIOS CLIENTE;5389;660;516;40
;01-12-2002;2;3;CONCENTRADO COBRE V.CLIENTES;3625099;921342;624084;14922
;01-12-2002;2;4;PRECIPITADO COBRE VARIOS CLIEN;710943;533244;0;0
;01-12-2002;2;5;CONCENTRADO PLATA VARIOS CLIEN;0;0;0;0
;01-12-2002;2;6;PRODUCCION DE ACIDO SULFURICO;32621400;0;0;0
;01-12-2002;2;7;EMBARQUE ACIDO SULFURICO;19838650;0;0;0
;01-12-2002;2;8;EMBARQUE ACIDO K-4;0;0;0;0
;01-12-2002;2;9;FUNDENTES CALCAREOS;0;0;0;0
;01-12-2002;2;10;PRESTAMO DISPUTADA/OXIQUIM;748550;0;0;0
;01-12-2002;2;11;MINERALES ORO VARIOS CLIENTES;34265;357;205;2021
;01-12-2002;2;12;MINERALES PLATA VARIOS CLIENTE;0;0;0;0
;01-12-2002;2;13;DEVOLUCION DISPUTADA/OXIQUIM;0;0;0;0
;01-12-2002;2;14;CONCENTRADO COBRE ANDINA MAQUI;19001947;5693256;1474343;10610
;01-12-2002;2;15;FUNDENTES SILICEOS;3308195;0;0;0
;01-12-2002;2;16;CONCENTRADO COBRE CENIZAS;2560852;678487;205203;16930
;01-12-2002;2;19;CONC. COBRE CENIZAS A FUND.;2244579;571306;173621;12808
;01-12-2002;2;22;POLVO ELECT. P. ACIDO;239246;25994;26396;266
;01-12-2002;2;23;RESIDUO MOLDEO ANODOS RAF;0;0;0;0
;01-12-2002;2;24;CARGA NUEVA UTIL A FUNDICION;35648505;10394783;2867200;109330
;01-12-2002;2;25;FUNDENTE CALCAREO A FUND.;0;0;0;0
;01-12-2002;2;26;POLVO CALDERA A FUNDICION;0;0;0;0
;01-12-2002;2;27;POLVO CONVERTIDOR A FUNDICION;92681;55303;15302;513
;01-12-2002;2;28;CIRCULANTES FUNDICION A FUND.;11745267;6641735;1361695;42785
;01-12-2002;2;30;CIRCULANTE FUSION;0;0;0;0
;01-12-2002;2;32;CIRCULANTE FUSION A FUNDICION;0;0;0;0
;01-12-2002;2;36;CONCENTRADO ORO A EMBARQUE;0;0;0;0
;01-12-2002;2;37;CONC. COBRE PELAMBRE A FUND.;2055475;860294;87687;1177
;01-12-2002;2;40;BLISTER TOTAL;11582130;11443650;3086344;84118
;01-12-2002;2;41;REFRACTARIOS Y REACTIVOS;265069;0;0;0
;01-12-2002;2;44;CONCENTRADO COBRE PELAMBRE;1910451;832292;101842;1306
;01-12-2002;2;45;AJUSTE POR DIFERENCIA DE LEYES;0;0;0;0
;01-12-2002;2;46;CATODOS DESC. NORMAL A EMB.;41254;41250;345;1
;01-12-2002;2;49;AJUSTE COBRE BAJO PISO;0;0;0;0
;01-12-2002;2;50;COBRE BAJO PISO;0;0;0;0
;01-12-2002;2;51;POLVOS CALDERA;0;0;0;0
;01-12-2002;2;54;ESCORIA FUNDICION A BOTADERO;19600470;176217;132336;0
;01-12-2002;2;65;FUNDENTE SILICEO A FUND.;3209942;0;0;0
;01-12-2002;2;68;MINERALES PLATA V.C. A FUND.;0;0;0;0
;01-12-2002;2;71;BLISTER REFIMET A RAF;0;0;0;0
;01-12-2002;2;72;GRANZAS A FUNDICION;136877;26401;36495;1265
;01-12-2002;2;73;CONCENTRADO ORO VARIOS CLIENTE;1429616;72782;287200;104315
;01-12-2002;2;74;BLISTER V.C. A RAF;0;0;0;0
;01-12-2002;2;75;BARRO ANODICO CRUDO;52634;13203;5919494;265816
;01-12-2002;2;76;BLISTER REFIMET;0;0;0;0
;01-12-2002;2;77;BLISTER REFIMET A FUND.;0;0;0;0
;01-12-2002;2;78;BLISTER V.C. A PLAMEN;0;0;0;0
;01-12-2002;2;85;CIRCULANTE CPS/C.TTE;8759818;4755181;950388;41665
;01-12-2002;2;86;POLVOS CPS/C.TTE;109403;64411;12012;696
;01-12-2002;2;87;BLISTER VARIOS;550;532;4210;1276
;01-12-2002;2;88;BLISTER V.C. A FUND.;0;0;0;0
;01-12-2002;2;89;REFRACTARIOS Y REACTIVOS;2463222;0;0;0
;01-12-2002;2;91;ANODOS CTE. RECHAZ.DEVOLUCION;0;0;0;0
;01-12-2002;2;92;ANODOS CORRIENTES H.ANODOS;14646304;14590538;3548822;104910
;01-12-2002;2;93;ANODOS CORRIENTE H.BASC.;2412718;2402658;652225;24496
;01-12-2002;2;94;MOLDES ANODOS RAF;145702;145138;37419;1488
;01-12-2002;2;95;ANODOS ESPECIALES H.ANODO;0;0;0;0
;01-12-2002;2;96;COBRE ANODICO CIRCULANTE RAF;2027422;1859654;424015;31659
;01-12-2002;2;97;ESCORIA ANODICA RAF;377565;116684;144508;5901
;01-12-2002;2;98;PERDIDA METALURGICA RAF;4568;2396;717;67
;01-12-2002;2;99;ANODOS ESPECIALES H.BASC.;0;0;0;0
;01-12-2002;2;100;BLISTER H.VIDELA LIRA;0;0;0;0
;01-12-2002;2;101;BLISTER TENIENTE _ CODELCO;1430536;1425802;300232;10591
;01-12-2002;2;102;PRECIPITADOS COBRE V.C. A FUND;285088;212465;0;0
;01-12-2002;2;103;RESIDUAL MOLDEO ANODOS A RAF;0;0;0;0
;01-12-2002;2;104;BLISTER CODELCO CHUQUI;0;0;0;0
;01-12-2002;2;105;ESCORIA ANODOCA A CU ANODICO;0;0;0;0
;01-12-2002;2;106;AJUSTE DE FINOS (+);0;0;0;0
;01-12-2002;2;107;AJUSTE DE FINOS (-);0;0;0;0
;01-12-2002;2;109;MOLDES ANODOS A FUNDICION;0;0;0;0
;01-12-2002;2;110;ESCORIA ANODICA A EMBARQUE;0;0;0;0
;01-12-2002;2;111;CONCENTRADO COBRE V. CENTRAL;1731068;506791;106116;0
;01-12-2002;2;116;CARGA SOLIDA TERCERO A RAF;824373;821855;133245;4564
;01-12-2002;2;118;MOLDES ANODOS A RAF;147296;146731;36747;1252
;01-12-2002;2;119;CONC. COBRE V.CENTRAL A FUND.;3963601;1121219;227973;0
;01-12-2002;2;120;COBRE ANODICO CIRCUL. A RAF;1528557;1428323;406283;17315
;01-12-2002;2;121;CIRCULANTES RAF A RAF;3486889;3378940;915840;42647
;01-12-2002;2;122;AJUSTE AGENCIA (+);0;0;0;0
;01-12-2002;2;123;RESTOS ANODOS CORRI. HVL A RAF;1112685;1108599;275229;38087
;01-12-2002;2;124;AJUSTE AGENCIA (-);0;0;0;0
;01-12-2002;2;125;DESPUNTES Y LAMINAS A RAF;14194;14193;121;0
;01-12-2002;2;126;CATODOS DESC. NORMAL A RAF;7139;7138;60;0
;01-12-2002;2;127;CIRCULANTES N.E. A RAF;7129468;7103506;1624733;76495
;01-12-2002;2;128;MOLDES DE ANODOS A EMBARQUE;0;0;0;0
;01-12-2002;2;129;ANODO HOJAS MADRES H.ANODOS;3628706;3614598;927019;36479
;01-12-2002;2;130;BLISTER H.VIDELA LIRA A RAF;0;0;0;0
;01-12-2002;2;131;ANODO HOJAS MADRES H.BASC.;338425;337014;91310;3573
;01-12-2002;2;132;OTROS PRODUCTOS H.V.L.;0;0;0;0
;01-12-2002;2;133;RESTOS ANODOS ESPEC. HVL A RAF;0;0;0;0
;01-12-2002;2;134;RESTOS ANODOS CHAGRES;540413;538869;111584;650
;01-12-2002;2;135;AJUSTE BENEFICIO CAT. E.W.;0;0;0;0
;01-12-2002;2;136;COBRE SUCIO H.VIDELA L. A RAF;0;0;0;0
;01-12-2002;2;137;ANODOS CHAGRES;3333320;3323087;720345;2496
;01-12-2002;2;138;ANODOS ESPECIALES H.V.L.;0;0;0;0
;01-12-2002;2;139;ESCORIA ANODICA LIQ A FUND.;955334;468700;48290;2607
;01-12-2002;2;140;PRECIPITADO COBRE V.C.A R.ELEC;0;0;0;0
;01-12-2002;2;141;COBRE ANODICO CIRCUL. A FUND.;465878;400425;284927;11781
;01-12-2002;2;142;ANODOS CORRIENTES H.V.L.;7333560;7306996;1987524;214765
;01-12-2002;2;143;ANODOS ESPECIALES A N.E.;0;0;0;0
;01-12-2002;2;144;OTROS PRODUCTOS H.V.L. A FUND.;0;0;0;0
;01-12-2002;2;145;ANODOS ESPEC. RECHAZADOS A RAF;0;0;0;0
;01-12-2002;2;146;RESTOS ANODOS CHAGRES A RAF;555045;553448;112040;698
;01-12-2002;2;147;PRECIPITADO COBRE V.C. A RAF;0;0;0;0
;01-12-2002;2;148;ANODOS CORRIENTES A N.E.;14859852;14802591;3512096;99315
;01-12-2002;2;149;ANODOS HOJAS MADRES A N.E.;2784158;2773346;699864;25023
;01-12-2002;2;150;BLISTER H.V.L. A FUND.;0;0;0;0
;01-12-2002;2;151;AJUSTE INVENTARIO (-);0;0;0;0
;01-12-2002;2;152;CONC. CIRCULANTE EXTERNO;0;0;0;0
;01-12-2002;2;153;RESTOS ANODOS TENIENTE A RAF;1789420;1783590;305994;3149
;01-12-2002;2;154;RESTOS ANODOS CORRIENTES H.V.L;1018510;1014765;253392;33779
;01-12-2002;2;155;RESTOS ANODOS H.M. VENTANAS;1119628;1115405;278357;8975
;01-12-2002;2;156;RESTOS ANODOS TENIENTE;1455889;1451266;266419;2971
;01-12-2002;2;157;LODOS PROCESO ELECTROLITICO;19724;14028;133;3
;01-12-2002;2;158;BARROS COBRE TELURO;0;0;0;0
;01-12-2002;2;159;RESTOS ANODOS CTE. VENTANAS;3091245;3079356;802698;29345
;01-12-2002;2;160;CATODOS DESCOBRIZACION PARCIAL;62759;62270;443;6
;01-12-2002;2;161;CATODOS COMERCIALES TOTALES;27134237;27131524;234676;0
;01-12-2002;2;162;DESPUNTES Y LAMINAS;267467;267440;2424;0
;01-12-2002;2;163;CATODOS DESCOBRIZACION NORMAL;179629;179611;1622;0
;01-12-2002;2;164;LODOS PROC. ELEC. A EMBARQUE;24981;15946;384;13
;01-12-2002;2;165;BARRO COBRE TELURO A FUNDICION;0;0;0;0
;01-12-2002;2;166;BARRO ANODICO DESCOBR. A PMN;34319;836;6738061;273881
;01-12-2002;2;167;CATODOS DESC. PARCIAL A EMB.;0;0;0;0
;01-12-2002;2;168;BLISTER TENIENTE A EMBARQUE;0;0;0;0
;01-12-2002;2;169;BLISTER TENIENTE A RAF;699267;697169;112434;4343
;01-12-2002;2;170;ANODOS CORRIENTES H.V.L. A RAF;5964;5940;1446;111
;01-12-2002;2;171;CATODOS COMERC.STANDARD A RAF;7003;7002;58;0
;01-12-2002;2;172;ANODOS ESPEC. H.V.L. A RAF;0;0;0;0
;01-12-2002;2;173;CONC. ORO V.C. A FUND.;951311;53842;162244;65133
;01-12-2002;2;174;BARRO COBRE TELURO A EMBARQUE;0;0;0;0
;01-12-2002;2;175;BARRO COBRE TELURO A B.CRUDO;0;0;0;0
;01-12-2002;2;176;LODOS PROC. ELEC. A FUNDICION;0;0;0;0
;01-12-2002;2;177;CAT. INICIALES A PURIF.ELECTRO;10164;10163;0;0
;01-12-2002;2;178;CATODOS ELECTROWINING A RAF;74416;73989;0;0
;01-12-2002;2;179;ANODOS CHAGRES A N.E.;1505482;1500379;264910;1340
;01-12-2002;2;180;ANODOS CHAGRES A RAF;1115;1112;235;1
;01-12-2002;2;181;SULFATO DE COBRE A REPROCESO;0;0;0;0
;01-12-2002;2;185;CONCENTRADO ORO PTA.VALLENAR;0;0;0;0
;01-12-2002;2;188;AZUFRE EN ACIDO;10710334;0;0;0
;01-12-2002;2;189;PERDIDA METALURGICA FUNDICION;866598;2048;11672;2241
;01-12-2002;2;190;RESTOS ANODOS ESPEC. VENTANAS;0;0;0;0
;01-12-2002;2;191;RESTOS ANODOS ESPEC. A RAF;0;0;0;0
;01-12-2002;2;193;CONCENTRADO PLATA PANULCILLO;0;0;0;0
;01-12-2002;2;195;POLVO CALDERA A EMBARQUE;0;0;0;0
;01-12-2002;2;196;CATODOS COMERCIALES APROBADOS;26809632;26806951;231770;0
;01-12-2002;2;197;CIRCULANTE FUSION A EMBARQUE;0;0;0;0
;01-12-2002;2;198;BLISTER DISPUTADA PROPIO;0;0;0;0
;01-12-2002;2;199;MOLDES Y PLACAS VARIOS;0;0;0;0
;01-12-2002;2;200;BLISTER DISPUTADA A RAF;0;0;0;0
;01-12-2002;2;202;CATODOS PTA. VALLENAR;0;0;0;0
;01-12-2002;2;203;POLVOS ELECTROFILTRO;80557;6044;14539;52
;01-12-2002;2;204;POLVO ELECTRO. A EMBARQUE;0;0;0;0
;01-12-2002;2;205;CONC. COBRE CENIZAS A EMBARQUE;0;0;0;0
;01-12-2002;2;206;CON.COBRE V. CENTRAL EMBARQUE;0;0;0;0
;01-12-2002;2;207;CONC.COBRE DISPUTADA EMBARQUE;0;0;0;0
;01-12-2002;2;208;CONC.COBRE V.ENAMI A EMBARQUE;0;0;0;0
;01-12-2002;2;210;POLVO ELECTROFILTRO A FUND.;80557;6044;14539;52
;01-12-2002;2;211;CATODOS H.V.L. Y OTRAS FAENAS;406802;406651;0;0
;01-12-2002;2;212;MINERALES DE COBRE A EMBARQUE;0;0;0;0
;01-12-2002;2;213;CONC. COBRE ANDINA A EMBARQUE;0;0;0;0
;01-12-2002;2;214;CATODOS COMERCIALES STANDARD;324605;324573;2906;0
;01-12-2002;2;215;CAT. COMERC.STANDARD A DESC.;0;0;0;0
;01-12-2002;2;216;CATODOS COMERC.STANDARD A EMB.;299988;299958;2464;2
;01-12-2002;2;217;CATODOS COMERC. APROB. A EMB.;25739763;25737189;225919;1
;01-12-2002;2;218;CATODOS DESC.NORMAL A CAT/STND;0;0;0;0
;01-12-2002;2;219;DESPUNTES/LAMINAS A EMBARQUE;180564;180546;1518;2
;01-12-2002;2;220;ACIDO A N.E. Y OTROS;1234500;0;0;0
;01-12-2002;2;221;MINERALES COBRE V.C. A FUND.;1701;429;0;40
;01-12-2002;2;222;CIRCULANTE CONVERSION A FUND.;11572029;6580388;1331854;42220
;01-12-2002;2;223;CONC. COBRE ANDINA MAQ A FUND.;12828094;3821763;1000109;6390
;01-12-2002;2;224;LAMINAS/DESPUNTES PTA.VALLENAR;0;0;0;0
;01-12-2002;2;225;LAMINAS/DESPUNTES H.VIDELA L.;0;0;0;0
;01-12-2002;2;226;ESCORIA CPS/C.TTE BAJO CUCHARA;3860779;1986365;424210;40986
;01-12-2002;2;227;CATODOS COMERCIALES A STANDARD;0;0;0;0
;01-12-2002;2;228;ELECTROL/SOL. ACIDA EMB.;53304;53304;0;0
;01-12-2002;2;229;DEVOLUCION EXTERNO C. STANDARD;0;0;0;0
;01-12-2002;2;230;CAT. STANDARD A CAT. COM. APRO;0;0;0;0
;01-12-2002;2;233;CONCENTRADO PLATA A PMN;0;0;0;0
;01-12-2002;2;234;CASC. ESC. BOTADERO A PANUL.;0;0;0;0
;01-12-2002;2;235;DESPUNTES Y LAMINAS A N.E.;4467;4467;38;0
;01-12-2002;2;236;CASC. ESC. BOTADERO A EMBARQUE;0;0;0;0
;01-12-2002;2;238;CATODOS FAENA A RAF;0;0;0;0
;01-12-2002;2;239;CATODOS FAENA A EMBARQUE;683080;682757;0;0
;01-12-2002;2;240;CASCARON ESCORIA A FUNDICION;0;0;0;0
;01-12-2002;2;242;CONCENTRADO ORO PANULCILLO;0;0;0;0
;01-12-2002;2;244;CONCENTRADO COBRE PANULCILLO;0;0;0;0
;01-12-2002;2;246;PRECIPITADO COBRE PANULCILLO;0;0;0;0
;01-12-2002;2;247;CONC. PLATA V.C. A FUND.;0;0;0;0
;01-12-2002;2;249;CIRCULANTE RAF A FUNDICION;1652655;942518;371593;15905
;01-12-2002;2;251;CATODOS COMERCIALES A EXPO.;0;0;0;0
;01-12-2002;2;252;CATODOS COMERCIALES DE EXPO.;0;0;0;0
;01-12-2002;2;255;CATODOS DESC. PARCIAL A RAF;46940;46423;229;5
;01-12-2002;2;257;CIRCULANTE N.E. A FUNDICION;0;0;0;0
;01-12-2002;2;258;CIRCULANTE CONVERSION A EMB.;1022964;136816;31736;1322
;01-12-2002;2;260;AJUSTE AGENCIA (+);0;0;0;0
;01-12-2002;2;261;AJUSTE AGENCIA (-);0;0;0;0
;01-12-2002;2;262;AJUSTE AGENCIA (+);0;0;0;0
;01-12-2002;2;263;AJUSTE AGENCIA (-);0;0;0;0
;01-12-2002;2;264;RESIDUALES N.E.;0;0;0;0
;01-12-2002;2;265;RESIDUALES N.E. A FUNDICION;0;0;0;0
;01-12-2002;2;266;RESIDUALES N.E. A RAF;0;0;0;0
;01-12-2002;2;267;CONCENTRADO COBRE DISPUTADA;6262074;1829284;278100;4151
;01-12-2002;2;268;CONCENTRADO COBRE CIRC.CENIZAS;0;0;0;0
;01-12-2002;2;271;CONC.Cu CIRC.CENIZAS A FUNDIC.;0;0;0;0
;01-12-2002;2;274;CONC. COBRE PLANTAS A FUND.;0;0;0;0
;01-12-2002;2;275;CONC. COBRE DISPUTADA A FUND.;8833830;2615826;440176;3496
;01-12-2002;2;276;ANODOS TENIENTE COMPRA;0;0;0;0
;01-12-2002;2;277;ANODOS TENIENTE MAQUILA;7670390;7647242;1317219;11751
;01-12-2002;2;278;ANODOS MICHILLA;0;0;0;0
;01-12-2002;2;279;ANODOS TENIENTE A N.E.;7801046;7777506;1339142;12025
;01-12-2002;2;280;ANODOS TENIENTE RECHAZ. A EMB.;0;0;0;0
;01-12-2002;2;281;ANODOS TENIENTE A RAF;118027;117634;19130;109
;01-12-2002;2;282;COBRE BAJO PISO A RAF;0;0;0;0
;01-12-2002;2;284;BLISTER DISPUTADA (ANODOS);0;0;0;0
;01-12-2002;2;285;CONC.COBRE ESCORIA CENIZAS;544287;160587;44520;2486
;01-12-2002;2;289;BLISTER C/F RESTO ANODO;0;0;0;0
;01-12-2002;2;290;BLISTER C/F RESTO ANODO A RAF;0;0;0;0
;01-12-2002;2;291;CIRC. EXTERNO A FUNDICION;0;0;0;0
;01-12-2002;2;292;CIRCULANTE CARBOMET EMBARQUE;0;0;0;0
;01-12-2002;2;294;AJUSTE AGENCIA (+);0;0;0;0
;01-12-2002;2;295;AJUSTE AGENCIA (-);0;0;0;0
;01-12-2002;2;296;CIRCUL. CARBOMET A RAF;0;0;0;0
;01-12-2002;2;297;AJUSTE AGENCIA (+);0;0;0;0
;01-12-2002;2;298;PRECIPITADO COBRE A EMBARQUE;0;0;0;0
;01-12-2002;2;299;AJUSTE AGENCIA (-);0;0;0;0
;01-12-2002;2;300;CONC. COBRE CIRC. A FUND.;0;0;0;0
;01-12-2002;2;301;PRECIPITADO CU V.C. A P. SULF.;68548;46020;0;0
;01-12-2002;2;302;MINERALES COBRE PANULCILLO;0;0;0;0
;01-12-2002;2;303;CONCENTRADO COBRE PLANTAS;0;0;0;0
;01-12-2002;2;304;ELECTROLITO A PLANTA SULFATO;1379003;88438;0;0
;01-12-2002;2;305;AJUSTE AGENCIA (+);0;0;0;0
;01-12-2002;2;306;AJUSTE AGENCIA (-);0;0;0;0
;01-12-2002;2;307;PRODUCCION SULFATO DE COBRE;166083;40702;0;0
;01-12-2002;2;308;PRODUCCION ARSENIATO FERRICO;76026;10926;0;0
;01-12-2002;2;309;GRANZAS A CIR. CONVERSION;0;0;0;0
;01-12-2002;2;310;CONCENTRADO COBRE PTA.VALLENAR;0;0;0;0
;01-12-2002;2;311;RIL;1045731;22;0;0
;01-12-2002;2;312;FUNDENTE CALCAREO A RAF;65782;0;0;0
;01-12-2002;2;313;FUNDENTE SILICEO A RAF;0;0;0;0
;01-12-2002;2;314;CATODOS ELECTROWINING;77746;77274;0;0
;01-12-2002;2;315;SULFATO DE COBRE A EMBARQUE;156000;38261;0;0
;01-12-2002;2;316;EMBARQUE CATODOS ELECTROWINING;0;0;0;0
;01-12-2002;2;317;MINERALES ORO PANULCILLO;0;0;0;0
;01-12-2002;2;318;FUNDENTE CALCAREO A VARIOS;0;0;0;0
;01-12-2002;2;319;PRECIPITADO SIN REACCIONAR;10467;1563;0;0
;01-12-2002;2;320;BLISTER DISPUTADA (PLACAS);0;0;0;0
;01-12-2002;2;321;HIDROXIDO DE NIQUEL;63975;4881;0;0
;01-12-2002;2;322;MINERALES ORO V.C. A FUND.;19928;198;114;1250
;01-12-2002;2;323;HIDROXIDO DE NIQUEL A EMBARQUE;0;0;0;0
;01-12-2002;2;324;PRECIPITADO S/REACC.A FUNDICIO;0;0;0;0
;01-12-2002;2;325;AJUSTE (+);0;0;0;0
;01-12-2002;2;326;ESCORIA ANODICA SOLIDA A FUND;1049900;515692;50171;2859
;01-12-2002;2;327;AJUSTE (-);0;0;0;0
;01-12-2002;2;328;EMBARQUE MINERAL ORO V.C.;0;0;0;0
;01-12-2002;2;329;PRECIPITADO EMBARCADO;0;0;0;0
;01-12-2002;2;331;GRANZAS A RAF;0;0;0;0
;01-12-2002;2;340;CONCENTRADO ORO BRONCE;0;0;0;0
;01-12-2002;2;342;CONC. ORO BRONCE A FUND.;0;0;0;0
;01-12-2002;2;350;CASCARON ESCORIA A BOTADERO;0;0;0;0
;01-12-2002;2;361;RESIDUALES DE PMN;1571;3;21601;79
;01-12-2002;2;376;RESIDUAL PMN A FUNDICION;0;0;0;0
;01-12-2002;2;377;PRECIPITADO DEVUELTO PRUEBA;0;0;0;0
;01-12-2002;2;378;RESIDUAL PMN A RAF;1571;3;21601;79
;01-12-2002;2;383;CONCENTRADO COBRE ESCONDIDA;0;0;0;0
;01-12-2002;2;392;CONC. COBRE V.C. A FUND.;4464898;1137441;775276;19036
;01-12-2002;2;393;CONC.V.C.A CENIZAS;0;0;0;0
;01-12-2002;2;395;CONC. COBRE ESCONDIDA A FUND.;0;0;0;0
;01-12-2002;2;397;ANODOS CORRIENTES A CODELCO;0;0;0;0
;01-12-2002;2;399;ANODOS CORRIENTE DE EXPOSICION;0;0;0;0
;01-12-2002;2;400;ANODOS CORRIENTES A EXPO.;0;0;0;0
;01-12-2002;2;401;COBRE EN ELECTROLITO A N.E.;22941;13801;0;0
;01-12-2002;2;402;ANODOS CTE. RECHAZADOS A RAF;1342709;1337500;346779;19210
;01-12-2002;2;403;ANODOS CTE. RECHAZ.PRESTAMO;0;0;0;0
;01-12-2002;2;404;ANODOS H.M. RECHAZADOS A RAF;468327;466386;126031;4870
;01-12-2002;2;405;ANODOS HOJAS MADRE EMBARQUE;0;0;0;0
;01-12-2002;2;406;RESTOS ANODOS CORRIENTE A RAF;3463532;3450127;896597;33381
;01-12-2002;2;407;RESTOS ANODOS HVL A EMBARQUE;0;0;0;0
;01-12-2002;2;408;RESTOS ANODOS H.M. A RAF;133510;132986;34405;1175
;01-12-2002;2;412;RESTOS ANODOS H.M.A N.E.;1043372;1039441;263009;4181
;01-12-2002;2;418;DESPUNTES/LAMINAS A FAENA;0;0;0;0
;01-12-2002;2;419;DESPUNTES/LAMINAS A EXPO.;0;0;0;0
;01-12-2002;2;420;AJUSTE AGENCIA (-);0;0;0;0
;01-12-2002;2;423;DESPUNTES/LAMINAS DE EXPO.;0;0;0;0
;01-12-2002;2;430;AJUSTE PRODUCCION (-);0;0;0;0
;01-12-2002;2;431;AJUSTE PRODUCCION (+);0;0;0;0
;01-12-2002;2;432;AJUSTE PRODUCCION (-);0;0;0;0
;01-12-2002;2;433;AJUSTE PRODUCCION (+);0;0;0;0
;01-12-2002;2;434;AJUSTE AGENCIA (+);0;0;0;0
;01-12-2002;2;435;AJUSTE AGENCIA (-);0;0;0;0
;01-12-2002;2;436;AJUSTE AGENCIA (+);0;0;0;0
;01-12-2002;2;437;AJUSTE AGENCIA (-);0;0;0;0
;01-12-2002;2;438;AJUSTE AGENCIA (+);0;0;0;0
;01-12-2002;2;439;AJUSTE AGENCIA (-);0;0;0;0
;01-12-2002;2;440;AJUSTE AGENCIA (+);0;0;0;0
;01-12-2002;2;441;AJUSTE AGENCIA (-);0;0;0;0
;01-12-2002;2;442;BARRIDO RAF;110117;13633;19540;1248
;01-12-2002;2;443;AJUSTE AGENCIA (+);0;0;0;0
;01-12-2002;2;444;AJUSTE AGENCIA (+);0;0;0;0
;01-12-2002;2;445;AJUSTE AGENCIA (-);0;0;0;0
;01-12-2002;2;446;AJUSTE AGENCIA (+);0;0;0;0
;01-12-2002;2;447;AJUSTE AGENCIA (-);0;0;0;0
;01-12-2002;2;448;AJUSTE AGENCIA (+);0;0;0;0
;01-12-2002;2;449;AJUSTE AGENCIA (+);0;0;0;0
;01-12-2002;2;450;AJUSTE AGENCIA (-);0;0;0;0
;01-12-2002;2;451;AJUSTE AGENCIA (-);0;0;0;0
;01-12-2002;2;452;AJUSTE AGENCIA (+);0;0;0;0
;01-12-2002;2;453;AJUSTE AGENCIA (-);0;0;0;0
;01-12-2002;2;454;AJUSTE AGENCIA (+);0;0;0;0
;01-12-2002;2;455;AJUSTE AGENCIA (-);0;0;0;0
;01-12-2002;2;456;AJUSTE AGENCIA (+);0;0;0;0
;01-12-2002;2;457;AJUSTE AGENCIA (-);0;0;0;0
;01-12-2002;2;458;AJUSTE AGENCIA (+);0;0;0;0
;01-12-2002;2;459;AJUSTE AGENCIA (-);0;0;0;0
;01-12-2002;2;460;AJUSTE AGENCIA (+);0;0;0;0
;01-12-2002;2;461;AJUSTE AGENCIA (-);0;0;0;0
;01-12-2002;2;462;AJUSTE AGENCIA (-);0;0;0;0
;01-12-2002;2;463;AJUSTE AGENCIA (-);0;0;0;0
;01-12-2002;2;464;AJUSTE AGENCIA (+);0;0;0;0
;01-12-2002;2;465;AJUSTE AGENCIA (+);0;0;0;0
;01-12-2002;2;466;AJUSTE AGENCIA (+);0;0;0;0
;01-12-2002;2;467;AJUSTE AGENCIA (-);0;0;0;0
;01-12-2002;2;468;AJUSTE AGENCIA (+);0;0;0;0
;01-12-2002;2;469;AJUSTE AGENCIA (+);0;0;0;0
;01-12-2002;2;470;AJUSTE AGENCIA (-);0;0;0;0
;01-12-2002;2;471;AJUSTE AGENCIA (+);0;0;0;0
;01-12-2002;2;472;AJUSTE AGENCIA (-);0;0;0;0
;01-12-2002;2;473;AJUSTE AGENCIA (+);0;0;0;0
;01-12-2002;2;474;AJUSTE AGENCIA (-);0;0;0;0
;01-12-2002;2;475;AJUSTE AGENCIA (+);0;0;0;0
;01-12-2002;2;476;AJUSTE AGENCIA (+);0;0;0;0
;01-12-2002;2;477;AJUSTE AGENCIA (+);0;0;0;0
;01-12-2002;2;478;AJUSTE AGENCIA (-);0;0;0;0
;01-12-2002;2;479;AJUSTE AGENCIA (+);0;0;0;0
;01-12-2002;2;480;AJUSTE AGENCIA (-);0;0;0;0
;01-12-2002;2;481;AJUSTE AGENCIA (-);0;0;0;0
;01-12-2002;2;482;AJUSTE AGENCIA (-);0;0;0;0
;01-12-2002;2;483;AJUSTE INVENTARIO (-);0;0;0;0
;01-12-2002;2;484;AJUSTE AGENCIA (-);0;0;0;0
;01-12-2002;2;485;AJUSTE INVENTARIO (+);0;0;0;0
;01-12-2002;2;486;AJUSTE INVENTARIO (-);0;0;0;0
;01-12-2002;2;487;AJUSTE AGENCIA (+);1000;211;0;0
;01-12-2002;2;488;AJUSTE AGENCIA (-);1000;0;0;0
;01-12-2002;2;489;AJUSTE INVENTARIO;0;0;0;0
;01-12-2002;2;490;AJUSTE FINOS (-);0;0;0;0
;01-12-2002;2;491;AJUSTE INVENTARIO;0;0;0;0
;01-12-2002;2;492;AJUSTE INVENTARIO;0;0;0;0
;01-12-2002;2;493;AJUSTE BARRO ANODOCO CRUDO;0;0;0;0
;01-12-2002;2;494;AJUSTE INVENTARIO;0;0;0;0
;01-12-2002;2;495;ANODOS ESPEC. H.V.L. A  N.E.;0;0;0;0
;01-12-2002;2;496;REG. EMB. CASC. ESC. BOTADERO;0;0;0;0
;01-12-2002;2;497;ANODOS CORRIENTES H.V.L.A N.E.;7132209;7106486;1928026;208109
;01-12-2002;2;498;REG. EMB. CASC. ESC. BOTADERO;0;0;0;0
;01-12-2002;2;499;AJUSTE PRODUCCION (+);67450;0;0;0
;01-12-2002;2;500;AJUSTE PRODUCCION (-);0;0;0;0
;01-12-2002;3;1;PRECIPITADOS COBRE V.CLIENTES;1465513;1093813;0;0
;01-12-2002;3;2;CONCENTRADO COBRE PLANTAS ENM;0;0;0;0
;01-12-2002;3;3;CONCENTRADO COBRE V.CLIENTES;3018805;765051;519791;12342
;01-12-2002;3;4;CONCENTRADO COBRE ESCONDIDA;0;0;0;0
;01-12-2002;3;5;CONCENTRADO COBRE DISPUTADA;6764023;1978326;319608;3733
;01-12-2002;3;6;CONCENTRADO COBRE PELAMBRE;1725164;729952;78515;1039
;01-12-2002;3;8;CONCENTRADO COBRE ANDINA MAQ.;12844494;3848395;996592;7172
;01-12-2002;3;10;CONC. COBRE CIRC. CENIZAS;0;0;0;0
;01-12-2002;3;12;CONCENTRADO COBRE TERCEROS;837415;237123;48097;0
;01-12-2002;3;13;CONCENTRADO COBRE CENIZAS;3170023;818842;248374;19125
;01-12-2002;3;14;CONCENTRADO ORO EL BRONCE;0;0;0;0
;01-12-2002;3;15;CONCENTRADO ORO V.CLIENTES;1139522;58374;207914;79064
;01-12-2002;3;16;CONCENTRADOS PLATA V.CLIENTES;0;0;0;0
;01-12-2002;3;18;MINERALES COBRE V.CLIENTES;5389;660;516;40
;01-12-2002;3;19;MINERALES ORO V.CLIENTES;14337;159;91;771
;01-12-2002;3;20;MINERALES PLATA V.CLIENTES;0;0;0;0
;01-12-2002;3;22;FUNDENTES CALCAREOS;58171;0;0;0
;01-12-2002;3;23;FUNDENTES SILICEOS;2558270;0;0;0
;01-12-2002;3;25;RESIDUALES P. METALES NOBLES;0;0;0;0
;01-12-2002;3;26;FUNDICION;2947151;994835;325687;14017
;01-12-2002;3;27;POLVOS CALDERA;0;0;0;0
;01-12-2002;3;28;POLVOS ELECTROFILTRO;10771;140;420;2
;01-12-2002;3;29;CIRCULANTE EXTERNO;0;0;0;0
;01-12-2002;3;30;CIRCULANTE FUSION H.REV;0;0;0;0
;01-12-2002;3;31;CONC. CIRCULANTE ESCORIA;544287;160587;44520;2486
;01-12-2002;3;32;CASCARON ESCORIA BOTADERO;0;0;0;0
;01-12-2002;3;42;CIRCULANTE CONVERSION;34162230;12764558;3562013;117585
;01-12-2002;3;44;POLVOS CONVERTIDORES;57904;34663;9771;334
;01-12-2002;3;47;BLISTER REFIMET;0;0;0;0
;01-12-2002;3;48;BLISTER VARIOS;1057;868;13697;3127
;01-12-2002;3;49;BLISTER HERNAN VIDELA LIRA;0;0;0;0
;01-12-2002;3;50;BLISTER CODELCO;785926;783180;189260;6264
;01-12-2002;3;51;BLISTER DISPUTADA;0;0;0;0
;01-12-2002;3;54;REFINO A FUEGO;413114;408730;127124;3586
;01-12-2002;3;56;ANODOS CORRIENTES VENTANAS;1352201;1346889;470216;15595
;01-12-2002;3;57;ANODOS HOJAS MADRES VENTANAS;1228191;1223307;339556;14848
;01-12-2002;3;58;ANODOS ESPECIALES VENTANAS;0;0;0;0
;01-12-2002;3;59;BLISTER C/FORMA RESTO ANODOS;0;0;0;0
;01-12-2002;3;61;MOLDES ANODOS RAF;331561;330288;83853;2860
;01-12-2002;3;62;RESIDUOS MOLDEO ANODOS;0;0;0;0
;01-12-2002;3;64;COBRE ANODICO CIRCULANTE;100438;92576;41088;3379
;01-12-2002;3;65;ESCORIA ANODICA RAF;989982;419452;454865;5530
;01-12-2002;3;66;GRANZAS RAF;82760;16772;40572;499
;01-12-2002;3;67;ANODOS TENIENTE;11022;10989;1886;18
;01-12-2002;3;68;ANODOS CHAGRES;1834576;1829426;456845;1162
;01-12-2002;3;73;ANODOS ESPECIALES H.V.L.;0;0;0;0
;01-12-2002;3;74;COBRE BAJO PISO;1526241;1437132;636402;31492
;01-12-2002;3;75;ANODOS CORRIENTES H. V. LIRA;201726;200886;59516;6711
;01-12-2002;3;76;REFINERIA ELECTROLITICA;15596387;15465691;4975469;188892
;01-12-2002;3;77;CATODOS COMERC. EN PREPARACION;0;0;0;0
;01-12-2002;3;78;CATODOS COMERCIALES APROBADOS;9982771;9981771;90728;8
;01-12-2002;3;79;CATODOS COMERCIALES STANDARD;713140;713070;6109;10
;01-12-2002;3;80;CATODOS DESCOBRIZACION NORMAL;311555;311528;2718;0
;01-12-2002;3;81;CATODOS DESCOBRIZACION PARCIAL;194645;192501;949;21
;01-12-2002;3;82;DESPUNTES Y LAMINAS;403556;403506;3535;5
;01-12-2002;3;83;COBRE ELECTROLITICO FAENAS ENM;759151;759002;0;0
;01-12-2002;3;84;RESTOS DE ANODOS N.E.;674047;671520;188722;5729
;01-12-2002;3;89;LODOS PROCESO ELECTROLITICO;36194;23972;352;2
;01-12-2002;3;91;RESIDUALES N.E.;0;0;0;0
;01-12-2002;3;93;BARRO ANODICO;12275;3079;1510777;66801
;01-12-2002;3;94;BARRO COBRE TELURO;0;0;0;0
;01-12-2002;3;95;ACIDO SULFURICO;21735000;0;0;0
;01-12-2002;3;96;PURIFICACION ELECTROLITO;159368;20317;0;0
;01-12-2002;3;97;SULFATO DE COBRE;34959;8574;0;0
;01-12-2002;3;98;CATODOS ELECTROWINING;39595;39368;0;0
;01-12-2002;3;99;HIDROXIDO DE NIQUEL;1949409;167843;0;0
;01-12-2002;3;100;PRECIPITADO SIN REACCIONAR;459805;125228;0;0
