01-03-2002;2;2;MINERALES COBRE VARIOS CLIENTE;35875;6486;550;2126
01-03-2002;2;3;CONCENTRADO COBRE V.CLIENTES;3079505;787284;514375;11298
01-03-2002;2;4;PRECIPITADO COBRE VARIOS CLIEN;521990;393554;0;0
01-03-2002;2;5;CONCENTRADO PLATA VARIOS CLIEN;0;0;0;0
01-03-2002;2;6;PRODUCCION DE ACIDO SULFURICO;32232600;0;0;0
01-03-2002;2;7;EMBARQUE ACIDO SULFURICO;29049960;0;0;0
01-03-2002;2;8;EMBARQUE ACIDO K-4;0;0;0;0
01-03-2002;2;9;FUNDENTES CALCAREOS;0;0;0;0
01-03-2002;2;10;PRESTAMO DISPUTADA/OXIQUIM;0;0;0;0
01-03-2002;2;11;MINERALES ORO VARIOS CLIENTES;43600;449;330;2116
01-03-2002;2;12;MINERALES PLATA VARIOS CLIENTE;0;0;0;0
01-03-2002;2;13;DEVOLUCION DISPUTADA/OXIQUIM;0;0;0;0
01-03-2002;2;14;CONCENTRADO COBRE ANDINA MAQUI;7127845;2074593;527588;4278
01-03-2002;2;15;FUNDENTES SILICEOS;2173729;0;0;0
01-03-2002;2;16;CONCENTRADO COBRE CENIZAS;3051437;837690;320322;12593
01-03-2002;2;19;CONC. COBRE CENIZAS A FUND.;4647063;1289747;461473;25689
01-03-2002;2;22;POLVO ELECT. P. ACIDO;277109;36485;38132;288
01-03-2002;2;23;RESIDUO MOLDEO ANODOS RAF;0;0;0;0
01-03-2002;2;24;CARGA NUEVA UTIL A FUNDICION;36305287;10704542;3210850;110484
01-03-2002;2;25;FUNDENTE CALCAREO A FUND.;0;0;0;0
01-03-2002;2;26;POLVO CALDERA A FUNDICION;0;0;0;0
01-03-2002;2;27;POLVO CONVERTIDOR A FUNDICION;156106;60557;15619;1233
01-03-2002;2;28;CIRCULANTES FUNDICION A FUND.;10817986;5147843;1182332;40947
01-03-2002;2;30;CIRCULANTE FUSION;0;0;0;0
01-03-2002;2;32;CIRCULANTE FUSION A FUNDICION;0;0;0;0
01-03-2002;2;36;CONCENTRADO ORO A EMBARQUE;0;0;0;0
01-03-2002;2;37;CONC. COBRE PELAMBRE A FUND.;2161623;889105;160998;3972
01-03-2002;2;40;BLISTER TOTAL;11119908;11005289;3097761;122459
01-03-2002;2;41;REFRACTARIOS Y REACTIVOS;0;0;0;0
01-03-2002;2;44;CONCENTRADO COBRE PELAMBRE;1889423;801613;136299;3804
01-03-2002;2;45;AJUSTE POR DIFERENCIA DE LEYES;0;0;0;0
01-03-2002;2;46;CATODOS DESC. NORMAL A EMB.;237801;237777;1761;24
01-03-2002;2;49;AJUSTE COBRE BAJO PISO;0;0;0;0
01-03-2002;2;50;COBRE BAJO PISO;0;0;0;0
01-03-2002;2;51;POLVOS CALDERA;0;0;0;0
01-03-2002;2;54;ESCORIA FUNDICION A BOTADERO;22354595;196979;150203;299
01-03-2002;2;65;FUNDENTE SILICEO A FUND.;2830698;0;0;0
01-03-2002;2;68;MINERALES PLATA V.C. A FUND.;0;0;0;0
01-03-2002;2;71;BLISTER REFIMET A RAF;0;0;0;0
01-03-2002;2;72;GRANZAS A FUNDICION;9173;2845;1231;64
01-03-2002;2;73;CONCENTRADO ORO VARIOS CLIENTE;677176;30633;160710;46839
01-03-2002;2;74;BLISTER V.C. A RAF;0;0;0;0
01-03-2002;2;75;BARRO ANODICO CRUDO;55509;14946;6304852;246811
01-03-2002;2;76;BLISTER REFIMET;0;0;0;0
01-03-2002;2;77;BLISTER REFIMET A FUND.;0;0;0;0
01-03-2002;2;85;CIRCULANTE CPS/C.TTE;5486250;2908774;751952;21312
01-03-2002;2;86;POLVOS CPS/C.TTE;58066;22595;5240;102
01-03-2002;2;87;BLISTER VARIOS;230;188;3166;2627
01-03-2002;2;88;BLISTER V.C. A FUND.;0;0;0;0
01-03-2002;2;89;REFRACTARIOS Y REACTIVOS;2544340;0;0;0
01-03-2002;2;91;ANODOS CTE. RECHAZ.DEVOLUCION;0;0;0;0
01-03-2002;2;92;ANODOS CORRIENTES H.ANODOS;9300642;9267795;2524126;91867
01-03-2002;2;93;ANODOS CORRIENTE H.BASC.;6010393;5986684;1780099;62327
01-03-2002;2;94;MOLDES ANODOS RAF;109875;109469;32149;1088
01-03-2002;2;95;ANODOS ESPECIALES H.ANODO;0;0;0;0
01-03-2002;2;96;COBRE ANODICO CIRCULANTE RAF;1130673;1045144;473654;43234
01-03-2002;2;97;ESCORIA ANODICA RAF;513629;391953;64411;1787
01-03-2002;2;98;PERDIDA METALURGICA RAF;6341;3424;356;32
01-03-2002;2;99;ANODOS ESPECIALES H.BASC.;0;0;0;0
01-03-2002;2;100;BLISTER H.VIDELA LIRA;0;0;0;0
01-03-2002;2;101;BLISTER TENIENTE _ CODELCO;1902120;1900633;0;0
01-03-2002;2;102;PRECIPITADOS COBRE V.C. A FUND;119613;92714;0;0
01-03-2002;2;103;RESIDUAL MOLDEO ANODOS A RAF;0;0;0;0
01-03-2002;2;104;BLISTER CODELCO CHUQUI;0;0;0;0
01-03-2002;2;105;ESCORIA ANODOCA A CU ANODICO;0;0;0;0
01-03-2002;2;106;AJUSTE DE FINOS (+);0;0;0;0
01-03-2002;2;107;AJUSTE DE FINOS (-);0;0;0;0
01-03-2002;2;109;MOLDES ANODOS A FUNDICION;0;0;0;0
01-03-2002;2;110;ESCORIA ANODICA A EMBARQUE;0;0;0;0
01-03-2002;2;111;CONCENTRADO COBRE V. CENTRAL;2682388;826519;172984;0
01-03-2002;2;116;CARGA SOLIDA TERCERO A RAF;179197;178826;14914;291
01-03-2002;2;118;MOLDES ANODOS A RAF;96270;95918;26202;1135
01-03-2002;2;119;CONC. COBRE V.CENTRAL A FUND.;3276032;975383;210884;0
01-03-2002;2;120;COBRE ANODICO CIRCUL. A RAF;971601;939338;304416;33579
01-03-2002;2;121;CIRCULANTES RAF A RAF;1426701;1392716;436513;38504
01-03-2002;2;122;AJUSTE AGENCIA (+);0;0;0;0
01-03-2002;2;123;RESTOS ANODOS CORRI. HVL A RAF;784454;781254;247015;22287
01-03-2002;2;124;AJUSTE AGENCIA (-);0;0;0;0
01-03-2002;2;125;DESPUNTES Y LAMINAS A RAF;2867;2867;21;0
01-03-2002;2;126;CATODOS DESC. NORMAL A RAF;0;0;0;0
01-03-2002;2;127;CIRCULANTES N.E. A RAF;5698819;5676342;1391894;53856
01-03-2002;2;128;MOLDES DE ANODOS A EMBARQUE;0;0;0;0
01-03-2002;2;129;ANODO HOJAS MADRES H.ANODOS;1672914;1666883;487343;17753
01-03-2002;2;130;BLISTER H.VIDELA LIRA A RAF;0;0;0;0
01-03-2002;2;131;ANODO HOJAS MADRES H.BASC.;767041;764015;240411;8172
01-03-2002;2;132;OTROS PRODUCTOS H.V.L.;0;0;0;0
01-03-2002;2;133;RESTOS ANODOS ESPEC. HVL A RAF;0;0;0;0
01-03-2002;2;134;RESTOS ANODOS CHAGRES;504886;503296;98811;787
01-03-2002;2;135;AJUSTE BENEFICIO CAT. E.W.;0;0;0;0
01-03-2002;2;136;COBRE SUCIO H.VIDELA L. A RAF;0;0;0;0
01-03-2002;2;137;ANODOS CHAGRES;3334200;3323445;652744;3906
01-03-2002;2;138;ANODOS ESPECIALES H.V.L.;0;0;0;0
01-03-2002;2;139;ESCORIA ANODICA LIQ A FUND.;237513;128653;17922;724
01-03-2002;2;140;PRECIPITADO COBRE V.C.A R.ELEC;0;0;0;0
01-03-2002;2;141;COBRE ANODICO CIRCUL. A FUND.;556378;472904;252307;11373
01-03-2002;2;142;ANODOS CORRIENTES H.V.L.;4362550;4344963;1455934;113504
01-03-2002;2;143;ANODOS ESPECIALES A N.E.;0;0;0;0
01-03-2002;2;144;OTROS PRODUCTOS H.V.L. A FUND.;0;0;0;0
01-03-2002;2;145;ANODOS ESPEC. RECHAZADOS A RAF;0;0;0;0
01-03-2002;2;146;RESTOS ANODOS CHAGRES A RAF;533681;532066;101263;802
01-03-2002;2;147;PRECIPITADO COBRE V.C. A RAF;33685;26110;0;0
01-03-2002;2;148;ANODOS CORRIENTES A N.E.;13824771;13773309;3773975;140736
01-03-2002;2;149;ANODOS HOJAS MADRES A N.E.;2459876;2450639;713812;25415
01-03-2002;2;150;BLISTER H.V.L. A FUND.;0;0;0;0
01-03-2002;2;151;AJUSTE INVENTARIO (-);0;0;0;0
01-03-2002;2;152;CONC. CIRCULANTE EXTERNO;0;0;0;0
01-03-2002;2;153;RESTOS ANODOS TENIENTE A RAF;2060154;2052597;358659;3601
01-03-2002;2;154;RESTOS ANODOS CORRIENTES H.V.L;972425;968521;304445;25853
01-03-2002;2;155;RESTOS ANODOS H.M. VENTANAS;815049;811798;230378;9862
01-03-2002;2;156;RESTOS ANODOS TENIENTE;2700534;2690637;456415;4913
01-03-2002;2;157;LODOS PROCESO ELECTROLITICO;19422;12205;125;7
01-03-2002;2;158;BARROS COBRE TELURO;0;0;0;0
01-03-2002;2;159;RESTOS ANODOS CTE. VENTANAS;2427170;2417926;704856;27842
01-03-2002;2;160;CATODOS DESCOBRIZACION PARCIAL;58093;57332;222;0
01-03-2002;2;161;CATODOS COMERCIALES TOTALES;26888045;26885356;194422;0
01-03-2002;2;162;DESPUNTES Y LAMINAS;238022;237998;1711;0
01-03-2002;2;163;CATODOS DESCOBRIZACION NORMAL;174880;174863;1239;0
01-03-2002;2;164;LODOS PROC. ELEC. A EMBARQUE;0;0;0;0
01-03-2002;2;165;BARRO COBRE TELURO A FUNDICION;0;0;0;0
01-03-2002;2;166;BARRO ANODICO DESCOBR. A PMN;29759;603;5436607;218664
01-03-2002;2;167;CATODOS DESC. PARCIAL A EMB.;0;0;0;0
01-03-2002;2;168;BLISTER TENIENTE A EMBARQUE;0;0;0;0
01-03-2002;2;169;BLISTER TENIENTE A RAF;97986;97909;0;0
01-03-2002;2;170;ANODOS CORRIENTES H.V.L. A RAF;6959;6931;2100;175
01-03-2002;2;171;CATODOS COMERC.STANDARD A RAF;0;0;0;0
01-03-2002;2;172;ANODOS ESPEC. H.V.L. A RAF;0;0;0;0
01-03-2002;2;173;CONC. ORO V.C. A FUND.;737975;44684;145984;48268
01-03-2002;2;174;BARRO COBRE TELURO A EMBARQUE;0;0;0;0
01-03-2002;2;175;BARRO COBRE TELURO A B.CRUDO;0;0;0;0
01-03-2002;2;176;LODOS PROC. ELEC. A FUNDICION;0;0;0;0
01-03-2002;2;177;CAT. INICIALES A PURIF.ELECTRO;10164;10163;0;0
01-03-2002;2;178;CATODOS ELECTROWINING A RAF;17632;17487;0;0
01-03-2002;2;179;ANODOS CHAGRES A N.E.;3321410;3310695;650258;3890
01-03-2002;2;180;ANODOS CHAGRES A RAF;13908;13864;2746;18
01-03-2002;2;181;SULFATO DE COBRE A REPROCESO;0;0;0;0
01-03-2002;2;185;CONCENTRADO ORO PTA.VALLENAR;0;0;0;0
01-03-2002;2;188;AZUFRE EN ACIDO;9213678;0;0;0
01-03-2002;2;189;PERDIDA METALURGICA FUNDICION;667621;2932;6432;714
01-03-2002;2;190;RESTOS ANODOS ESPEC. VENTANAS;0;0;0;0
01-03-2002;2;191;RESTOS ANODOS ESPEC. A RAF;0;0;0;0
01-03-2002;2;193;CONCENTRADO PLATA PANULCILLO;0;0;0;0
01-03-2002;2;195;POLVO CALDERA A EMBARQUE;0;0;0;0
01-03-2002;2;196;CATODOS COMERCIALES APROBADOS;26404549;26401908;190923;0
01-03-2002;2;197;CIRCULANTE FUSION A EMBARQUE;0;0;0;0
01-03-2002;2;198;BLISTER DISPUTADA PROPIO;0;0;0;0
01-03-2002;2;199;MOLDES Y PLACAS VARIOS;0;0;0;0
01-03-2002;2;200;BLISTER DISPUTADA A RAF;0;0;0;0
01-03-2002;2;202;CATODOS PTA. VALLENAR;0;0;0;0
01-03-2002;2;203;POLVOS ELECTROFILTRO;49774;5948;8859;11
01-03-2002;2;204;POLVO ELECTRO. A EMBARQUE;0;0;0;0
01-03-2002;2;205;CONC. COBRE CENIZAS A EMBARQUE;0;0;0;0
01-03-2002;2;206;CON.COBRE V. CENTRAL EMBARQUE;0;0;0;0
01-03-2002;2;207;CONC.COBRE DISPUTADA EMBARQUE;0;0;0;0
01-03-2002;2;208;CONC.COBRE V.ENAMI A EMBARQUE;0;0;0;0
01-03-2002;2;210;POLVO ELECTROFILTRO A FUND.;71243;6925;12079;15
01-03-2002;2;211;CATODOS H.V.L. Y OTRAS FAENAS;106280;106136;0;0
01-03-2002;2;212;MINERALES DE COBRE A EMBARQUE;0;0;0;0
01-03-2002;2;213;CONC. COBRE ANDINA A EMBARQUE;0;0;0;0
01-03-2002;2;214;CATODOS COMERCIALES STANDARD;483496;483448;3499;0
01-03-2002;2;215;CAT. COMERC.STANDARD A DESC.;0;0;0;0
01-03-2002;2;216;CATODOS COMERC.STANDARD A EMB.;199794;199775;1514;18
01-03-2002;2;217;CATODOS COMERC. APROB. A EMB.;24602313;24599852;181102;847
01-03-2002;2;218;CATODOS DESC.NORMAL A CAT/STND;0;0;0;0
01-03-2002;2;219;DESPUNTES/LAMINAS A EMBARQUE;110660;110649;825;8
01-03-2002;2;220;ACIDO A N.E. Y OTROS;1234740;0;0;0
01-03-2002;2;221;MINERALES COBRE V.C. A FUND.;54511;14824;12661;2045
01-03-2002;2;222;CIRCULANTE CONVERSION A FUND.;10590637;5080361;1154634;39699
01-03-2002;2;223;CONC. COBRE ANDINA MAQ A FUND.;10341329;3102412;787299;8587
01-03-2002;2;224;LAMINAS/DESPUNTES PTA.VALLENAR;0;0;0;0
01-03-2002;2;225;LAMINAS/DESPUNTES H.VIDELA L.;0;0;0;0
01-03-2002;2;226;ESCORIA CPS/C.TTE BAJO CUCHARA;4290066;2378940;620444;19627
01-03-2002;2;227;CATODOS COMERCIALES A STANDARD;0;0;0;0
01-03-2002;2;228;ELECTROL/SOL. ACIDA EMB.;30860;30860;0;0
01-03-2002;2;229;DEVOLUCION EXTERNO C. STANDARD;0;0;0;0
01-03-2002;2;230;CAT. STANDARD A CAT. COM. APRO;0;0;0;0
01-03-2002;2;233;CONCENTRADO PLATA A PMN;0;0;0;0
01-03-2002;2;234;CASC. ESC. BOTADERO A PANUL.;0;0;0;0
01-03-2002;2;235;DESPUNTES Y LAMINAS A N.E.;3455;3455;25;0
01-03-2002;2;236;CASC. ESC. BOTADERO A EMBARQUE;0;0;0;0
01-03-2002;2;238;CATODOS FAENA A RAF;0;0;0;0
01-03-2002;2;239;CATODOS FAENA A EMBARQUE;552569;552098;0;0
01-03-2002;2;240;CASCARON ESCORIA A FUNDICION;0;0;0;0
01-03-2002;2;242;CONCENTRADO ORO PANULCILLO;0;0;0;0
01-03-2002;2;244;CONCENTRADO COBRE PANULCILLO;0;0;0;0
01-03-2002;2;246;PRECIPITADO COBRE PANULCILLO;0;0;0;0
01-03-2002;2;247;CONC. PLATA V.C. A FUND.;0;0;0;0
01-03-2002;2;249;CIRCULANTE RAF A FUNDICION;1059704;749778;292143;12813
01-03-2002;2;251;CATODOS COMERCIALES A EXPO.;0;0;0;0
01-03-2002;2;252;CATODOS COMERCIALES DE EXPO.;0;0;0;0
01-03-2002;2;255;CATODOS DESC. PARCIAL A RAF;53287;51819;254;4
01-03-2002;2;257;CIRCULANTE N.E. A FUNDICION;0;0;0;0
01-03-2002;2;258;CIRCULANTE CONVERSION A EMB.;0;0;0;0
01-03-2002;2;260;AJUSTE AGENCIA (+);0;0;0;0
01-03-2002;2;261;AJUSTE AGENCIA (-);0;0;0;0
01-03-2002;2;262;AJUSTE AGENCIA (+);0;0;0;0
01-03-2002;2;263;AJUSTE AGENCIA (-);0;0;0;0
01-03-2002;2;264;RESIDUALES N.E.;0;0;0;0
01-03-2002;2;265;RESIDUALES N.E. A FUNDICION;0;0;0;0
01-03-2002;2;266;RESIDUALES N.E. A RAF;0;0;0;0
01-03-2002;2;267;CONCENTRADO COBRE DISPUTADA;8303281;2452488;462832;3283
01-03-2002;2;268;CONCENTRADO COBRE M.A.MATTA;0;0;0;0
01-03-2002;2;271;CONC. COBRE M.A.MATTA A FUND.;0;0;0;0
01-03-2002;2;274;CONC. COBRE PLANTAS A FUND.;0;0;0;0
01-03-2002;2;275;CONC. COBRE DISPUTADA A FUND.;11326215;3365129;684810;6033
01-03-2002;2;276;ANODOS TENIENTE COMPRA;3357450;3345834;568162;5644
01-03-2002;2;277;ANODOS TENIENTE MAQUILA;5743530;5720281;995483;9373
01-03-2002;2;278;ANODOS MICHILLA;0;0;0;0
01-03-2002;2;279;ANODOS TENIENTE A N.E.;9961983;9924397;1717763;17088
01-03-2002;2;280;ANODOS TENIENTE RECHAZ. A EMB.;0;0;0;0
01-03-2002;2;281;ANODOS TENIENTE A RAF;60344;60122;10068;98
01-03-2002;2;282;COBRE BAJO PISO A RAF;0;0;0;0
01-03-2002;2;284;BLISTER DISPUTADA (ANODOS);0;0;0;0
01-03-2002;2;285;CONC. COBRE CIRCUL. PANULCILLO;0;0;0;0
01-03-2002;2;289;BLISTER C/F RESTO ANODO;0;0;0;0
01-03-2002;2;290;BLISTER C/F RESTO ANODO A RAF;0;0;0;0
01-03-2002;2;291;CIRC. EXTERNO A FUNDICION;0;0;0;0
01-03-2002;2;292;CIRCULANTE CARBOMET EMBARQUE;0;0;0;0
01-03-2002;2;294;AJUSTE AGENCIA (+);0;0;0;0
01-03-2002;2;295;AJUSTE AGENCIA (-);0;0;0;0
01-03-2002;2;296;CIRCUL. CARBOMET A RAF;0;0;0;0
01-03-2002;2;297;AJUSTE AGENCIA (+);0;0;0;0
01-03-2002;2;298;PRECIPITADO COBRE A EMBARQUE;476;357;0;0
01-03-2002;2;299;AJUSTE AGENCIA (-);0;0;0;0
01-03-2002;2;300;CONC. COBRE CIRC. A FUND.;0;0;0;0
01-03-2002;2;301;PRECIPITADO CU V.C. A P. SULF.;55507;43859;0;0
01-03-2002;2;302;MINERALES COBRE PANULCILLO;0;0;0;0
01-03-2002;2;303;CONCENTRADO COBRE PLANTAS;0;0;0;0
01-03-2002;2;304;ELECTROLITO A PLANTA SULFATO;1367000;75085;0;0
01-03-2002;2;305;AJUSTE AGENCIA (+);0;0;0;0
01-03-2002;2;306;AJUSTE AGENCIA (-);0;0;0;0
01-03-2002;2;307;PRODUCCION SULFATO DE COBRE;112853;28224;0;0
01-03-2002;2;308;PRODUCCION ARSENIATO FERRICO;82801;12964;0;0
01-03-2002;2;309;GRANZAS A CIR. CONVERSION;0;0;0;0
01-03-2002;2;310;CONCENTRADO COBRE PTA.VALLENAR;0;0;0;0
01-03-2002;2;311;RIL;1043398;25;0;0
01-03-2002;2;312;FUNDENTE CALCAREO A RAF;71611;0;0;0
01-03-2002;2;313;FUNDENTE SILICEO A RAF;0;0;0;0
01-03-2002;2;314;CATODOS ELECTROWINING;76472;75841;0;0
01-03-2002;2;315;SULFATO DE COBRE A EMBARQUE;30000;7563;0;0
01-03-2002;2;316;EMBARQUE CATODOS ELECTROWINING;0;0;0;0
01-03-2002;2;317;MINERALES ORO PANULCILLO;0;0;0;0
01-03-2002;2;318;FUNDENTE CALCAREO A VARIOS;0;0;0;0
01-03-2002;2;319;PRECIPITADO SIN REACCIONAR;6352;1233;0;0
01-03-2002;2;320;BLISTER DISPUTADA (PLACAS);0;0;0;0
01-03-2002;2;321;HIDROXIDO DE NIQUEL;69070;6177;0;0
01-03-2002;2;322;MINERALES ORO V.C. A FUND.;48460;693;2286;2689
01-03-2002;2;323;HIDROXIDO DE NIQUEL A EMBARQUE;3;0;0;0
01-03-2002;2;324;PRECIPITADO S/REACC.A FUNDICIO;0;0;0;0
01-03-2002;2;325;AJUSTE (+);0;0;0;0
01-03-2002;2;326;ESCORIA ANODICA SOLIDA A FUND;494153;274029;38605;1376
01-03-2002;2;327;AJUSTE (-);0;0;0;0
01-03-2002;2;328;EMBARQUE MINERAL ORO V.C.;0;0;0;0
01-03-2002;2;329;PRECIPITADO EMBARCADO;0;0;0;0
01-03-2002;2;331;GRANZAS A RAF;0;0;0;0
01-03-2002;2;340;CONCENTRADO ORO BRONCE;0;0;0;0
01-03-2002;2;342;CONC. ORO BRONCE A FUND.;0;0;0;0
01-03-2002;2;350;CASCARON ESCORIA A BOTADERO;0;0;0;0
01-03-2002;2;361;RESIDUALES DE PMN;14180;114;254951;4677
01-03-2002;2;376;RESIDUAL PMN A FUNDICION;0;0;0;0
01-03-2002;2;378;RESIDUAL PMN A RAF;14180;114;254951;4677
01-03-2002;2;383;CONCENTRADO COBRE ESCONDIDA;0;0;0;0
01-03-2002;2;392;CONC. COBRE V.C. A FUND.;3592466;929851;744455;13201
01-03-2002;2;393;CONC.V.C.A CENIZAS;0;0;0;0
01-03-2002;2;395;CONC. COBRE ESCONDIDA A FUND.;0;0;0;0
01-03-2002;2;397;ANODOS CORRIENTES A CODELCO;0;0;0;0
01-03-2002;2;399;ANODOS CORRIENTE DE EXPOSICION;0;0;0;0
01-03-2002;2;400;ANODOS CORRIENTES A EXPO.;0;0;0;0
01-03-2002;2;401;COBRE EN ELECTROLITO A N.E.;19335;12084;0;0
01-03-2002;2;402;ANODOS CTE. RECHAZADOS A RAF;278854;277794;83158;2914
01-03-2002;2;403;ANODOS CTE. RECHAZ.PRESTAMO;0;0;0;0
01-03-2002;2;404;ANODOS H.M. RECHAZADOS A RAF;79977;79666;22737;876
01-03-2002;2;405;ANODOS HOJAS MADRE EMBARQUE;0;0;0;0
01-03-2002;2;406;RESTOS ANODOS CORRIENTE A RAF;2169546;2161288;658450;25970
01-03-2002;2;408;RESTOS ANODOS H.M. A RAF;94830;94451;26232;1192
01-03-2002;2;412;RESTOS ANODOS H.M.A N.E.;703264;700449;193112;8205
01-03-2002;2;418;DESPUNTES/LAMINAS A FAENA;0;0;0;0
01-03-2002;2;419;DESPUNTES/LAMINAS A EXPO.;0;0;0;0
01-03-2002;2;420;AJUSTE AGENCIA (-);0;0;0;0
01-03-2002;2;423;DESPUNTES/LAMINAS DE EXPO.;0;0;0;0
01-03-2002;2;430;AJUSTE PRODUCCION (-);0;0;0;0
01-03-2002;2;431;AJUSTE PRODUCCION (+);0;0;0;0
01-03-2002;2;432;AJUSTE PRODUCCION (-);0;0;0;0
01-03-2002;2;433;AJUSTE PRODUCCION (+);0;0;0;0
01-03-2002;2;434;AJUSTE AGENCIA (+);0;0;0;0
01-03-2002;2;435;AJUSTE AGENCIA (-);0;0;0;0
01-03-2002;2;436;AJUSTE AGENCIA (+);0;0;0;0
01-03-2002;2;437;AJUSTE AGENCIA (-);0;0;0;0
01-03-2002;2;438;AJUSTE AGENCIA (+);0;0;0;0
01-03-2002;2;439;AJUSTE AGENCIA (-);0;0;0;0
01-03-2002;2;440;AJUSTE AGENCIA (+);0;0;0;0
01-03-2002;2;441;AJUSTE AGENCIA (-);0;0;0;0
01-03-2002;2;442;BARRIDO RAF;0;0;0;0
01-03-2002;2;443;AJUSTE AGENCIA (+);0;0;0;0
01-03-2002;2;444;AJUSTE AGENCIA (+);0;0;0;0
01-03-2002;2;445;AJUSTE AGENCIA (-);0;0;0;0
01-03-2002;2;446;AJUSTE AGENCIA (+);0;0;0;0
01-03-2002;2;447;AJUSTE AGENCIA (-);0;0;0;0
01-03-2002;2;448;AJUSTE AGENCIA (+);0;0;0;0
01-03-2002;2;449;AJUSTE AGENCIA (+);0;0;0;0
01-03-2002;2;450;AJUSTE AGENCIA (-);0;0;0;0
01-03-2002;2;451;AJUSTE AGENCIA (-);0;0;0;0
01-03-2002;2;452;AJUSTE AGENCIA (+);0;0;0;0
01-03-2002;2;453;AJUSTE AGENCIA (-);0;0;0;0
01-03-2002;2;454;AJUSTE AGENCIA (+);0;0;0;0
01-03-2002;2;455;AJUSTE AGENCIA (-);0;0;0;0
01-03-2002;2;456;AJUSTE AGENCIA (+);1000000;0;16592;717
01-03-2002;2;457;AJUSTE AGENCIA (-);1000000;0;0;0
01-03-2002;2;458;AJUSTE AGENCIA (+);0;0;0;0
01-03-2002;2;459;AJUSTE AGENCIA (-);0;0;0;0
01-03-2002;2;460;AJUSTE AGENCIA (+);0;0;0;0
01-03-2002;2;461;AJUSTE AGENCIA (-);0;0;0;0
01-03-2002;2;462;AJUSTE AGENCIA (-);0;0;0;0
01-03-2002;2;463;AJUSTE AGENCIA (-);0;0;0;0
01-03-2002;2;464;AJUSTE AGENCIA (+);0;0;0;0
01-03-2002;2;465;AJUSTE AGENCIA (+);0;0;0;0
01-03-2002;2;466;AJUSTE AGENCIA (+);0;0;0;0
01-03-2002;2;467;AJUSTE AGENCIA (-);0;0;0;0
01-03-2002;2;468;AJUSTE AGENCIA (+);0;0;0;0
01-03-2002;2;469;AJUSTE AGENCIA (+);0;0;0;0
01-03-2002;2;470;AJUSTE AGENCIA (-);0;0;0;0
01-03-2002;2;471;AJUSTE AGENCIA (+);0;0;0;0
01-03-2002;2;472;AJUSTE AGENCIA (-);0;0;0;0
01-03-2002;2;473;AJUSTE AGENCIA (+);0;0;0;0
01-03-2002;2;474;AJUSTE AGENCIA (-);0;0;0;0
01-03-2002;2;475;AJUSTE AGENCIA (+);0;0;0;0
01-03-2002;2;476;AJUSTE AGENCIA (+);0;0;0;0
01-03-2002;2;477;AJUSTE AGENCIA (+);0;0;0;0
01-03-2002;2;478;AJUSTE AGENCIA (-);0;0;0;0
01-03-2002;2;479;AJUSTE AGENCIA (+);0;0;0;0
01-03-2002;2;480;AJUSTE AGENCIA (-);0;0;0;0
01-03-2002;2;481;AJUSTE AGENCIA (-);0;0;0;0
01-03-2002;2;482;AJUSTE AGENCIA (-);0;0;0;0
01-03-2002;2;483;AJUSTE INVENTARIO (-);0;0;0;0
01-03-2002;2;484;AJUSTE AGENCIA (-);0;0;0;0
01-03-2002;2;485;AJUSTE INVENTARIO (+);0;0;0;0
01-03-2002;2;486;AJUSTE INVENTARIO (-);0;0;0;0
01-03-2002;2;487;AJUSTE AGENCIA (+);0;0;0;0
01-03-2002;2;488;AJUSTE AGENCIA (-);0;0;0;0
01-03-2002;2;489;AJUSTE INVENTARIO;0;0;0;0
01-03-2002;2;490;AJUSTE FINOS (-);0;0;0;0
01-03-2002;2;491;AJUSTE INVENTARIO;0;0;0;0
01-03-2002;2;492;AJUSTE INVENTARIO;0;0;0;0
01-03-2002;2;493;AJUSTE BARRO ANODOCO CRUDO;0;0;0;0
01-03-2002;2;494;AJUSTE INVENTARIO;0;0;0;0
01-03-2002;2;495;ANODOS ESPEC. H.V.L. A  N.E.;0;0;0;0
01-03-2002;2;496;REG. EMB. CASC. ESC. BOTADERO;0;0;0;0
01-03-2002;2;497;ANODOS CORRIENTES H.V.L.A N.E.;4693453;4674428;1560413;121931
01-03-2002;2;498;REG. EMB. CASC. ESC. BOTADERO;0;0;0;0
01-03-2002;2;499;AJUSTE PRODUCCION (+);0;0;0;0
01-03-2002;2;500;AJUSTE PRODUCCION (-);83390;0;0;0
01-03-2002;3;1;PRECIPITADOS COBRE V.CLIENTES;2939042;2254761;0;0
01-03-2002;3;2;CONCENTRADO COBRE PLANTAS ENM;0;0;0;0
01-03-2002;3;3;CONCENTRADO COBRE V.CLIENTES;2272684;572362;368715;8879
01-03-2002;3;4;CONCENTRADO COBRE ESCONDIDA;0;0;0;0
01-03-2002;3;5;CONCENTRADO COBRE DISPUTADA;6279176;1858569;410543;389
01-03-2002;3;6;CONCENTRADO COBRE PELAMBRE;1889557;801656;136353;3802
01-03-2002;3;8;CONCENTRADO COBRE ANDINA MAQ.;5197540;1513282;414672;466
01-03-2002;3;10;CONCENTRADO COBRE M.A.MATTA;0;0;0;0
01-03-2002;3;12;CONCENTRADO COBRE TERCEROS;1188372;366143;78436;0
01-03-2002;3;13;CONCENTRADO COBRE CENIZAS;3500611;965246;369072;10454
01-03-2002;3;14;CONCENTRADO ORO EL BRONCE;0;0;0;0
01-03-2002;3;15;CONCENTRADO ORO V.CLIENTES;566536;30598;121714;36629
01-03-2002;3;16;CONCENTRADOS PLATA V.CLIENTES;0;0;0;0
01-03-2002;3;18;MINERALES COBRE V.CLIENTES;2321;420;36;138
01-03-2002;3;19;MINERALES ORO V.CLIENTES;32440;334;246;1557
01-03-2002;3;20;MINERALES PLATA V.CLIENTES;0;0;0;0
01-03-2002;3;22;FUNDENTES CALCAREOS;2234;0;0;0
01-03-2002;3;23;FUNDENTES SILICEOS;4543904;0;0;0
01-03-2002;3;25;RESIDUALES P. METALES NOBLES;0;0;0;0
01-03-2002;3;26;FUNDICION;3181983;1103142;363323;13568
01-03-2002;3;27;POLVOS CALDERA;0;0;0;0
01-03-2002;3;28;POLVOS ELECTROFILTRO;10771;140;420;2
01-03-2002;3;29;CIRCULANTE EXTERNO;0;0;0;0
01-03-2002;3;30;CIRCULANTE FUSION H.REV;0;0;0;0
01-03-2002;3;31;CIRCULANTE PANULCILLO;0;0;0;0
01-03-2002;3;32;CASCARON ESCORIA BOTADERO;0;0;0;0
01-03-2002;3;42;CIRCULANTE CONVERSION;16912263;8082643;1807262;3015
01-03-2002;3;44;POLVOS CONVERTIDORES;137062;54332;16730;115
01-03-2002;3;47;BLISTER REFIMET;0;0;0;0
01-03-2002;3;48;BLISTER VARIOS;230;188;3166;2627
01-03-2002;3;49;BLISTER HERNAN VIDELA LIRA;0;0;0;0
01-03-2002;3;50;BLISTER CODELCO;1881461;1879985;0;0
01-03-2002;3;51;BLISTER DISPUTADA;0;0;0;0
01-03-2002;3;54;REFINO A FUEGO;75104;74837;20191;806
01-03-2002;3;56;ANODOS CORRIENTES VENTANAS;1562913;1557254;548054;13676
01-03-2002;3;57;ANODOS HOJAS MADRES VENTANAS;651010;648496;203524;7159
01-03-2002;3;58;ANODOS ESPECIALES VENTANAS;0;0;0;0
01-03-2002;3;59;BLISTER C/FORMA RESTO ANODOS;0;0;0;0
01-03-2002;3;61;MOLDES ANODOS RAF;255742;254805;73656;3152
01-03-2002;3;62;RESIDUOS MOLDEO ANODOS;0;0;0;0
01-03-2002;3;64;COBRE ANODICO CIRCULANTE;26567;24524;12738;1265
01-03-2002;3;65;ESCORIA ANODICA RAF;675607;369445;51659;1255
01-03-2002;3;66;GRANZAS RAF;56889;18995;8055;417
01-03-2002;3;67;ANODOS TENIENTE;1500632;1494698;254250;1717
01-03-2002;3;68;ANODOS CHAGRES;4727;4714;885;7
01-03-2002;3;73;ANODOS ESPECIALES H.V.L.;0;0;0;0
01-03-2002;3;74;COBRE BAJO PISO;1526241;1437132;636402;31492
01-03-2002;3;75;ANODOS CORRIENTES H. V. LIRA;59654;59425;21184;1646
01-03-2002;3;76;REFINERIA ELECTROLITICA;15270642;15182148;4713969;183237
01-03-2002;3;77;CATODOS COMERC. EN PREPARACION;0;0;0;0
01-03-2002;3;78;CATODOS COMERCIALES APROBADOS;10479744;10478695;75907;21
01-03-2002;3;79;CATODOS COMERCIALES STANDARD;708315;708244;5211;24
01-03-2002;3;80;CATODOS DESCOBRIZACION NORMAL;317830;317802;2485;14
01-03-2002;3;81;CATODOS DESCOBRIZACION PARCIAL;174246;169443;821;15
01-03-2002;3;82;DESPUNTES Y LAMINAS;213957;213928;1546;1
01-03-2002;3;83;COBRE ELECTROLITICO FAENAS ENM;437072;436695;0;0
01-03-2002;3;84;RESTOS DE ANODOS N.E.;1961484;1954167;480406;16560
01-03-2002;3;89;LODOS PROCESO ELECTROLITICO;141054;89920;2517;95
01-03-2002;3;91;RESIDUALES N.E.;0;0;0;0
01-03-2002;3;93;BARRO ANODICO;21727;5850;2467739;105341
01-03-2002;3;94;BARRO COBRE TELURO;0;0;0;0
01-03-2002;3;95;ACIDO SULFURICO;11954250;0;0;0
01-03-2002;3;96;PURIFICACION ELECTROLITO;214681;28455;0;0
01-03-2002;3;97;SULFATO DE COBRE;183212;46184;0;0
01-03-2002;3;98;CATODOS ELECTROWINING;58840;58354;0;0
01-03-2002;3;99;HIDROXIDO DE NIQUEL;1329164;109399;0;0
01-03-2002;3;100;PRECIPITADO SIN REACCIONAR;405878;115736;0;0
